Quality of Life Index,Purchasing Power Index,Safety Index,Health Care Index,Pollution Index
1.5698070953328662,1.3594261837691568,0.8426015802173495,1.0158248242040289,-1.1003779696397815
1.5142367564444368,1.3311436179352791,-0.2625615986268274,1.0875158012780075,-1.7589712541737168
1.4753375192225353,1.8088047297963372,-0.9045313863377829,0.21698250823684231,-0.9457083346355999
1.4114316295008418,1.0263204083923656,0.7613395817729248,0.3808475986916508,-1.768949940303019
1.4114316295008418,1.167733237561758,1.0701351758617386,1.3947628458807717,-0.9257509623769957
1.200264341724811,1.133165657098128,1.0295041766395263,1.3025887324999434,-0.8159854149546731
1.1502510367252248,1.315431081360902,-0.27068779847126995,0.6368868025272876,-1.4346639549714002
1.0613384945037374,1.1488781936725052,0.11124359421752666,0.4013307349985006,-1.1502714002862917
1.0029896386708863,0.7057846622750761,-0.07565900220465005,0.7085777796012648,-1.6342376775574412
0.8335001050611773,1.8119472371112126,0.3469033897063589,-0.684275489264599,1.0300715189662062
0.802936418672542,0.932045188946104,1.5170761673060749,2.1936051618479584,-0.6064330062393299
0.7612586645062188,1.0514604669113685,0.28189379095081823,0.15553309931629006,-0.7660919843081629
0.48618548700849445,0.9289026816312285,-0.25443539878238475,0.841718165595797,-0.8159854149546731
0.430615148120065,0.07728319929999865,0.5906893850396332,1.3025887324999434,-0.8708681886658345
0.397272944787007,1.133165657098128,1.3545521704172254,-1.0324888064810651,0.5461052416950565
0.26390413145477676,0.8534825060742195,-0.8313955877378008,-1.657224463840019,-1.1153459988337346
0.15276345367791896,1.3971362715476614,1.4520665685505352,1.0465495286643065,1.8632918107629275
0.14442790284465393,-0.5386482344155773,0.8751063795951199,0.7597856203683921,-1.7390138819151129
-0.0028334952096836386,0.756064779313082,-0.8801527868044556,1.7327345949438122,-0.22225359026120128
-0.09452455437559178,0.5549443111610575,-0.25443539878238475,1.251380891732816,0.17190451184622962
-0.12508824076422817,0.2564061162478958,0.40378678861745537,0.7700271885218185,-0.20229621800259726
-0.1362023085419149,-0.13640729811152777,0.8263491805284644,-1.2065954650892983,-0.9457083346355999
-0.2834637065962524,-0.32495773700405084,0.249388991573049,-0.008331991138518383,-0.8858362178597875
-0.3306984946514168,-0.013849512831387707,0.4850487870618801,0.15553309931629006,-0.37193388220073204
-0.3807117996510029,0.8126299109808395,-2.2941115597374466,-0.7150001937248752,-0.11747738590352967
-0.4446176893726963,0.5392317745866808,-0.37632839644902194,0.09408369039573636,0.4612864095959893
-0.5279731977053405,0.6177944574585653,0.6882037831729421,1.097757369431434,0.7406896212164468
-0.5390872654830272,0.542374281901556,1.6958525638838096,1.2718640280396658,1.3344214459099184
-0.7363619685369508,-0.6800610635849698,0.17625319297306624,0.45253857576562795,-1.0355165097993182
-0.7530330702034799,-0.5669308002494559,0.77759198146181,-0.8583821478728324,-0.8758575317304856
-0.7808182396476945,0.21555352115451576,1.7283573632615798,0.042875849628608985,-0.49666745881700763
-0.8252745107584377,-0.15840484931565557,0.47692258721743813,-0.7866911707988538,0.012245533777397047
-0.8419456124249668,-0.3940928979313094,0.4525439876841109,-0.8583821478728324,-0.12246672896818077
-1.0670054849231052,0.3412538137495314,-0.7013763902267209,0.012151145168332855,0.3664888913676199
-1.1225758238115346,-0.7586237464568545,0.13562219375085388,0.14529153116286372,-0.3469871668774769
-1.2420520524216574,-0.5229356978412006,-0.2056781997157298,-0.9198315567933847,-0.27214702090771153
-1.286508323532401,-0.6800610635849698,-0.23818299909349958,-1.442151532618084,-0.20229621800259726
-1.286508323532401,-0.7429112098824776,-0.6769977906933937,0.22722407639026868,-0.9307403054416468
-1.3920919674204166,-0.7931913269204838,-0.9126575861822255,1.6815267541766847,0.02721356297134998
-1.5032326451972755,0.15584588217188314,-2.529771355226278,0.3501228942313732,0.7157429058931917
-1.5115681960305394,-0.2841051419106708,-1.2133269804265967,0.21698250823684231,0.9203059715438834
-1.536574848530333,-0.2778201272809201,-0.09191140189353524,1.9170828217054718,1.8483237815689744
-1.5504674332524404,-0.8780390244221191,0.7450871820840396,-1.9542299402893577,0.007256190712745951
-1.5810311196410762,-0.4695130734883187,0.200631792506394,0.851959733749222,1.1947198400996897
-1.689393280473514,-0.08612718107352182,-0.6201143917822962,0.12480839485601394,1.3643575042978249
-1.7338495515842567,-0.2872476492255464,-1.9121801670486498,0.974858551590328,0.2766807162039012
-1.8310976446390081,-0.7491962245122281,-0.5632309928711986,-1.3909436918509566,0.406403635884828
-1.8588828140832228,-1.0288793755361378,0.6800775833285,-2.077128758130464,-0.26216833477840934
-1.9755805257489245,-0.900036575626247,-0.37632839644902194,-0.7354833300317264,0.6808175044406344
-2.0533790001927255,-0.422375463765188,-0.4982213941156591,-0.7354833300317264,1.0999223218713208
-2.067271584914833,-1.3305600777641748,1.3708045701061105,-0.3155790357412819,0.4213716650787809
-2.1978618813026416,-0.92517663414525,-0.3682021966045793,-1.186112328782447,0.31160611765645857
-2.486827643522474,-1.267709931466667,-0.9045313863377829,0.8826844382094982,0.7656363365397019
-2.509055779077846,-1.283422468041044,0.7938443811506951,-1.780123281681125,1.1298583802592266
-2.5479550162997464,-1.0194518535915116,-1.4652391756043137,0.32963975792452344,0.5510945847597076
-2.556290567133011,-0.9346041560898762,0.14374839359529645,1.7224930267903873,1.1198796941299245
-2.5674046349106963,-0.786906312290733,-0.6363667914711814,-0.6945170574180247,1.1647837817117839
-2.6368675585212333,-1.2739949460964177,-1.229579380115482,-0.2643711949741545,0.14196845345832376
-2.661874211021026,-1.267709931466667,-2.3428687588041015,1.3333134369602195,0.7456789642810975
-2.7035519651873483,-1.4091227606360597,-0.8801527868044556,-1.3294942829304035,0.34154217604436476
-2.8008000582420993,-0.9377466634047514,-0.5388523933378715,0.4115723031519269,1.7585156064052554
-2.8452563293528432,-1.0414494047956393,-0.3438235970712521,0.6164036662204364,1.189730497035039
-2.9619540410185445,-0.5763583221940819,-1.0670553832266325,0.012151145168332855,1.9331426136680414
-3.045309549351188,-0.8591839805328667,-2.4485093567818534,-1.380702123697531,0.3814569205615728
-3.0703162018509818,-1.0383068974807639,0.22501039203972123,-3.1320102779332872,1.5938672852717717
-3.084208786573089,-0.9314616487750008,-1.0101719843155348,-1.4216683963112335,1.1198796941299245
-3.2425842524051123,-1.3368450923939255,-0.6769977906933937,0.042875849628608985,1.1997091831643412
-3.267590904904906,-1.1105845657228979,-1.8146657689153405,-1.4831178052317857,1.6637180881768865
-3.3148256929600706,-1.2771374534112934,-0.8557741872711279,-2.189786007818144,0.9751887452550451
3.2035750586526865,3.0092425240787355,1.1270185747728363,1.7122514586369624,-0.9556870207649019
2.9146092964328547,2.8772572168539687,0.671951383484058,1.097757369431434,-1.0554738820579224
2.8701530253221113,2.541008934162303,0.996999377261757,0.974858551590328,-1.6442163636867435
2.71733459337893,2.7546994315738287,-0.3356973972268095,0.974858551590328,-1.584344246910931
2.439482898936784,2.811264563241586,-0.3682021966045793,0.7188193477546911,-1.3598238090016348
2.3227851872710827,2.2393282319342656,0.6882037831729421,0.9134091426697742,-1.394749210454192
2.261657814493811,2.5787190219408074,0.4525439876841109,0.3193981897710971,-0.7810600135021158
2.2505437467161244,2.7641269535184554,-0.8882789866488977,0.14529153116286372,-0.8509108164072305
2.0893897639396797,2.0979154027648734,1.0213779767950844,1.107998937584859,-0.8958149039890897
2.078275696161994,2.368171031844157,0.013729196084216723,0.32963975792452344,-1.0504845389932713
1.789309933942162,1.579401695810434,0.07061259499531429,0.8109934611355195,-1.5244721301351187
1.5253508242221223,2.192190622211135,1.7852407621726762,0.7802687566752434,0.062138964423907296
1.5003441717223294,2.0444927784119913,-0.32757119738236695,0.8212350292889459,-0.8259641010839753
1.4447738328339,2.1136279393392505,1.4683189682394204,1.4766953911081753,-0.7660919843081629
1.4308812481117925,2.365028524529281,1.2651639721283585,-1.2065954650892983,0.4513077234666871
1.3780894261677847,2.1701930710070068,-0.7907645885155883,-1.6367413275331677,-1.0704419112518755
1.2252709942246038,2.0099251979483626,-0.7095025900711636,1.568869504489005,-0.25717899171375824
1.0946806978367953,1.4537014032154183,0.5256797862840925,0.8724428700560732,-0.207285561067248
0.8335001050611773,2.0444927784119913,0.5500583858174208,1.0772742331245826,0.7207322489578424
0.8001579017281193,0.8189149256105899,0.9644945778839867,-1.2680448740098513,-1.0205484806053653
0.6056617156186173,1.4662714324749206,-0.30319259784903974,1.0055832560506042,0.2866594023332034
0.6028831986741956,0.9509002328353562,0.5338059861285357,0.20674094008341742,-0.38191256833003384
0.5612054445078736,0.5895118916246868,0.2087579923508366,0.09408369039573636,-0.8808468747951363
0.35281667367626324,1.544834115346805,1.7689883624837923,0.09408369039573636,-0.6164116923686321
0.06662942840085315,0.7057846622750761,0.5338059861285357,-0.7457248981851521,-0.04762658299841539
0.0027235386791586765,1.3845662422881597,-0.6444929913156234,0.06335898593546022,0.3515208621736666
-0.016726079931790993,0.0898532285595005,0.8019705809951372,-0.6637923529577479,-0.9506976777002508
-0.0750749357646421,0.2689761455073969,0.4931749869063233,-0.9095899886399598,-0.29210439316631553
-0.252900020207615,0.4606690917147959,-0.04315420282688027,-0.9915225338673632,-0.1374347581621337
-0.38349031659542454,0.7183546915345779,-1.1483173816710572,0.3501228942313732,0.7257215920224939
-0.4946309943722834,-0.13012228348177668,-0.29506639800459716,-0.08002296821249553,-0.8758575317304856
-0.6168857399268279,0.7937748670915868,-0.37632839644902194,-0.25412962682072887,0.8754018839620246
-0.6752345957596785,0.9666127694097333,-0.6444929913156234,0.06335898593546022,1.3244427597806168
-0.714133832981579,-0.07041464449914478,-0.36007599676013674,-1.6060166230728916,-0.23223227639050312
-0.755811587147901,1.1080255985791252,-2.472887956315181,0.1145668267025876,0.8504551686387695
-0.7669256549255872,0.28468868208177395,0.13562219375085388,0.8007518929820946,0.9402633438024878
-0.8891804004801311,-0.23068251755778932,0.7207085825507124,-1.7596401453742738,-0.012701181545858078
-1.0308847646456265,-0.1144097469074,-0.4250855955156769,-1.349977419237255,0.24175531475134426
-1.269837221865872,-0.30924520042967385,-0.25443539878238475,-1.0632135109413419,0.5311372125011036
-1.2948438743656656,0.47323912097429705,-2.0015683653375174,0.9338922789766255,0.4612864095959893
-1.6366014585295057,-0.397235405246185,-0.5144737938045443,-1.1656291924755966,0.3565102052383177
-1.9589094240823954,-0.3532403028379294,-0.06753280236020805,1.538144800028729,1.084954292677367
-2.15618412713632,0.5769418623651853,-0.11629000142686244,-0.6945170574180247,1.8732704968922296
-2.2034189151914845,-0.5732158148792068,0.16000079328418165,0.8314765974423708,1.0749756065480656
-2.211754466024749,-0.20554245903878635,-0.8476479874266853,-1.2270786013961488,1.0001354605783002
-2.3506803132458227,-0.5826433368238327,-1.7090251709375879,0.4935048483793304,0.6558707891173792
-2.6590956940766053,-0.3878078833015587,-2.546023754915163,-1.5445672141523388,0.4513077234666871
-2.8230281937974717,-0.6957736001593469,-1.6440155721820484,-0.9095899886399598,1.4491763363968924
-2.9897392104627594,-0.9754567511832563,-0.5876095924045264,-0.2029217860536015,1.2246558984875964
-3.1675642949057328,-0.6203534246023376,-1.0020457844710928,-1.810847986141401,1.6537394020475842
1.8643298914415412,2.311605900176399,1.0701351758617386,1.661043617869835,-1.0205484806053653
1.714289976442782,1.4756989544195465,0.200631792506394,0.7085777796012648,-1.5643868746523268
1.6753907392208807,2.4844438024945457,0.47692258721743813,1.0363079605108803,-1.0205484806053653
1.6503840867210886,2.47501628054992,-0.3438235970712521,0.8212350292889459,-1.369802495130937
1.4725590022781145,1.6328243201633155,1.200154373372819,1.2411393235793897,-0.9756443930235059
1.4725590022781145,1.9093649638723504,0.5988155848840753,0.48326328022590553,-0.8758575317304856
1.375310909223363,1.7993772078517112,0.7125823827062704,0.8724428700560732,-1.604301619169535
1.3058479856128264,1.1551632083022563,0.574436985350748,1.0465495286643065,-0.18732818880864396
1.2891768839462985,1.8747973834087202,-0.3438235970712521,0.8826844382094982,-1.5993122761048844
1.2391635789467113,2.022495227207864,0.8751063795951199,0.8929260063629244,-1.6242589914281393
1.2391635789467113,2.220473188045013,-0.8151431880489155,0.21698250823684231,-0.771081327372814
1.1613651045029094,0.21869602846939096,0.30627239048414656,0.3398813260779483,-0.9257509623769957
1.1335799350586948,1.6171117835889386,-0.3438235970712521,0.851959733749222,-0.7660919843081629
1.0502244267260517,2.0822028661904963,-0.02690180313799566,0.29891505346424585,-1.0405058528639692
1.0196607403374152,1.5416916080319296,1.5902119659060576,1.507420095568453,-0.8159854149546731
1.014103706448573,0.6680745744965713,1.0213779767950844,-0.7354833300317264,-1.1053673127044326
0.9501978167268784,1.5699741738658082,-0.4250855955156769,1.6917683223301112,-0.20229621800259726
0.9168556133938215,-0.020134527461138092,0.7613395817729248,-0.5818598077303443,-0.9956017652821102
0.9029630286717141,1.7962347005368355,-0.7745121888267031,-1.56505035045919,-0.9756443930235059
0.8585067575609704,1.635966827478191,1.9965219581281815,1.3640381414204956,-0.03265855380446211
0.7779297661727479,0.6743595891263223,0.5500583858174208,0.6778530751409886,-0.39189125445933604
0.7557016306173755,1.4756989544195465,0.671951383484058,1.0670326649711563,0.5560839278243587
0.7223594272843195,0.3381113064346555,0.029981595773101905,-0.6637923529577479,-0.15739213042073774
0.6362254020072536,1.1991583107105124,-0.5144737938045443,1.2718640280396658,0.31160611765645857
0.5528698936746096,1.167733237561758,-0.595735792248969,0.21698250823684231,0.31160611765645857
0.5500913767301878,3.1223727874142497,1.110766175083951,-0.059539831905645754,1.0899436357420185
0.39449442784258526,0.3852489161577866,0.6069417847285172,-0.5818598077303443,-0.02267986767516027
0.21944786034403302,0.3098287406007773,-0.25443539878238475,-0.469202558042664,0.8404764825094673
0.20277675867750503,-0.24953756144704156,-0.29506639800459716,-0.5306519669632169,0.3764675774969217
0.18610565701097495,-0.20868496635366154,0.7450871820840396,-1.4626346689249352,0.007256190712745951
0.13053531812254657,2.1324829832285026,1.2814163718172438,-0.7662080344920026,0.4562970665313382
0.061072394512009784,-0.29353266385529714,-0.2056781997157298,-1.5138425096920625,0.5012011541131973
0.036065742012216746,-0.3846653759866835,-0.24630919893794218,-1.3909436918509566,-0.18233884574399287
-0.025061630765056034,0.19984098458013871,-1.985315965648632,0.8212350292889459,0.406403635884828
-0.03061866465389835,-0.5952133660833342,-0.36007599676013674,-1.0017641020207888,0.23676597168669317
-0.05840383409811306,-0.13954980542640333,-0.04315420282688027,0.7495440522149672,0.7656363365397019
-0.06673938493137706,0.25012110161814505,-0.9695409850933224,0.24770721269711846,0.7107535628285402
-0.14175934243075616,-0.22754001024291412,-0.3519497969156947,0.1760162356231413,-0.970655049958855
-0.3029133252072021,-0.7083436294188483,-0.7826383886711458,0.7700271885218185,0.7007748766992388
-0.6780131127041003,-0.6863460782147205,0.07061259499531429,-0.5818598077303443,1.7435475772113025
-0.8363885785361235,0.6617895598668205,-0.6282405916267388,0.08384212224231145,1.3294321028452676
-1.0670054849231052,-0.6234959319172128,-2.627285753359588,-1.4933593733852113,0.5411158986304058
-1.180924679644385,-0.6549210050659666,-1.0995601826044021,-1.626499759379743,1.6886648035001415
-1.2615016710326077,-0.7931913269204838,-1.4408605760709865,-0.4487194217358135,1.3094747305866632
-1.286508323532401,1.3185735886757768,1.8746289604615443,0.3501228942313732,-0.5764969478514241
-1.405984552142524,-0.8874665463667455,-1.4327343762265439,-1.9542299402893577,2.2774072851289624
-1.4198771368646312,-0.3500977955230542,-0.6851239905378358,-1.186112328782447,0.7057642197638895
-1.8672183649164869,-1.0383068974807639,-0.6607453910045086,-0.3155790357412819,1.2346345846168978
-2.045043449359461,-0.8057613561799852,0.10311739437308408,0.6778530751409886,1.1348477233238774
-2.10061378824789,0.8723375499634713,-2.416004557404084,0.07360055408888656,0.8554445117034202
1.7254040442204677,2.094772895449997,1.2489115724394733,1.282105596193092,-1.175218115609547
1.5836996800549734,2.160765549062381,-0.25443539878238475,0.8622013019026469,-1.3099303783551246
1.5753641292217084,1.2588659496931442,0.08686499468419948,0.6676115069875638,-1.544429502393723
1.403096078667578,2.123055461283876,0.5013011867507653,1.0567910968177314,-1.1303140280276878
1.3225190872793553,1.0985980766344994,1.3951831696394377,1.3435550051136445,-1.2450689185146615
1.308626502557248,1.620254290903814,0.6475727839507297,0.3603644623847995,-1.0604632251225734
1.2586131975576609,0.8251999402403406,0.5500583858174208,1.1182405057382838,-0.49666745881700763
1.2391635789467113,1.7239570322947022,1.005125577106199,0.9338922789766255,-1.783917969496972
1.1808147231138602,1.9376475297062277,-0.7988907883600309,0.2579487808505448,-0.8808468747951363
1.147472519780802,-0.004421990886761407,0.35502958955080094,0.4218138713053518,-1.0205484806053653
1.0696740453370024,1.532264086087303,-0.5063475939601016,0.9236507108232006,-1.6841311082039514
1.064117011448159,1.2965760374716493,-0.28694019816015454,0.8826844382094982,-0.8060067288253709
1.022439257281837,1.4599864178451696,-0.04315420282688027,0.841718165595797,-1.5494188454583737
0.9279696811715071,1.5574041446063058,-0.051280402671322854,0.3193981897710971,-1.1053673127044326
0.9251911642270855,1.2180133545997642,1.5333285669949601,1.4869369592616015,-0.47172074349375254
0.9140770964493997,1.158305715617132,-0.3682021966045793,1.5279032318753027,-0.4168379697825912
0.8974059947828708,0.11813579439337867,1.0538827761728535,0.5754373936067338,-1.554408188523025
0.8723993422830777,1.4756989544195465,-0.6119881919378536,-1.2578033058564257,-1.1402927141569899
0.7890438339504335,0.4480990624552941,0.6150679845729604,0.9134091426697742,-0.406859283653289
0.7807082831171696,1.2525809350633939,1.939638559217084,2.3267455478424908,-0.002722495416556241
0.7807082831171696,-0.14583482005615409,0.8263491805284644,-0.3975115809686861,-0.9806337360881571
0.6445609528405177,0.9666127694097333,-0.49009519427121645,1.282105596193092,0.007256190712745951
0.5917691308965088,1.1080255985791252,0.6150679845729604,1.0055832560506042,0.5760413000829627
0.5778765461744025,1.0703155108006208,-0.4982213941156591,0.09408369039573636,0.13198976732902157
0.4889640039529151,2.9181098119473496,1.0863875755506238,-0.4896856943495152,1.084954292677367
0.4834069700640728,-0.03898957135039069,-0.04315420282688027,-1.093938215401618,-0.06259461219236832
0.4083870125646926,-0.029562049405764748,0.6231941844174025,-0.469202558042664,-0.30208307929561773
0.3111389195099422,1.4034212861774125,1.5739595662171724,1.947807526165748,0.6957855336345873
0.2972463347878338,0.2124110138396402,0.5094273865952085,-0.5306519669632169,0.022224219906698883
0.15276345367791896,-0.35952531746768013,0.6800775833285,-1.2885280103167018,-0.08255198445097235
0.09441459784506785,-0.051559600609892176,-0.9370361857155527,0.23746564454369357,0.8205191102508629
0.08607904701180281,-0.3878078833015587,-0.2056781997157298,-0.4896856943495152,0.34653151910901553
0.0582938775675881,1.8119472371112126,1.3545521704172254,-0.6228260803440461,0.4612864095959893
0.036065742012216746,0.04585812615124456,-0.7420073894489333,-0.5511351032700682,0.8205191102508629
0.01661612340126708,-0.5606457856197049,-0.15692100064907483,-1.349977419237255,-0.2422109625198053
0.008280572568002038,-0.4475155222841913,-0.25443539878238475,-1.2578033058564257,0.5660626139536609
-0.05840383409811306,-0.22754001024291412,-1.9690635659597473,0.8622013019026469,0.2866594023332034
-0.09730307132001345,-0.746053717197353,-0.08378520204909265,-1.0120056701742146,0.2766807162039012
-0.10563862215327849,1.9627875882252313,1.5008237676171896,0.32963975792452344,1.4940804239787513
-0.16676599493055022,-0.33752776626355274,-0.221930599404615,0.1964993719299911,-0.8559001594718813
-0.26957112187414506,-0.27153511265116936,-0.051280402671322854,0.6368868025272876,0.9402633438024878
-0.5224161638164981,-0.6926310928444713,-0.4169593956712343,0.565195825453309,1.643760715918282
-0.5807650196493482,-0.8717540097923684,-0.9614147852488805,0.1862578037765662,0.7107535628285402
-0.6807916296485214,-0.8089038634948608,0.029981595773101905,-0.3360621720481331,1.7285795480173496
-0.9197440868687675,0.4606690917147959,-0.4819689944267739,0.278431917157396,1.3094747305866632
-1.1781461626999639,-0.6863460782147205,-1.0589291833821899,-1.595775054919466,1.658728745112235
-1.2392735354772362,-0.6800610635849698,-2.5785285542929333,-1.4011852600043821,0.5311372125011036
-1.3087364590877726,-0.8246164000692376,-1.4246081763821012,-0.7252417618783008,1.3693468473624757
-1.4032060351981024,0.9257601743163533,1.8177455615504468,0.5344711209930328,-0.6313797215625851
-1.4170986199202096,-0.9880267804427577,-1.4327343762265439,-1.9542299402893577,2.1177483070601295
-1.4698904418642174,-0.5009381466370728,-0.6932501903822784,-1.0529719427879163,0.7057642197638895
-2.028372347692932,-1.0948720291485208,-0.8639003871155705,-0.028815127445368165,1.2895173583280595
-2.2061974321359057,-0.9471741853493777,-0.010649403449110476,0.3193981897710971,1.060007577354112
-2.278438872690864,0.4575265843999204,-2.1722185620708094,0.012151145168332855,0.860433854768071
-2.49794171130016,-0.9848842731278822,-1.0833077829155175,1.4459706866478992,1.1198796941299245
1.4169886633896853,0.8534825060742195,1.5983381657504996,1.5586279363355802,-1.4196959257774473
1.3975390447787346,1.7710946420178326,0.5581845856618629,1.12848207389171,-1.1602500864155938
1.2641702314465042,0.9509002328353562,1.4439403687060932,0.9953416878971791,-1.2151328601267553
1.2586131975576609,0.6712170818114471,0.005602996239774708,0.5037464165327553,-1.5144934440058166
1.2280495111690255,0.6083669355139394,0.6150679845729604,1.12848207389171,-0.6413584076918873
1.208599892558075,1.4599864178451696,1.1595233741506066,0.9338922789766255,-1.8437900862727845
1.1196873503365874,1.7176720176649511,-0.807016988204473,0.2579487808505448,-0.9556870207649019
1.0835666300591098,-0.18354490783465854,0.28189379095081823,0.4730217120724792,-1.0704419112518755
1.030774808115101,1.0483179595964933,-0.28694019816015454,0.8724428700560732,-1.2849836630318694
1.0029896386708863,0.3035437259710266,1.200154373372819,-0.13123080897962291,-1.195175487868151
0.9946540878376222,0.5643718331056837,0.7288347823951544,1.7224930267903873,-1.1353033710923388
0.9307481981159288,0.891192593852724,-0.1894258000268452,0.8826844382094982,-0.771081327372814
0.9251911642270855,1.2148708472848893,-0.6282405916267388,0.5037464165327553,-1.6192696483634883
0.8807348931163417,-0.001279483571886215,1.2895425716616857,0.5754373936067338,-1.6292483344927902
0.8668423083942344,-0.24639505413216636,0.8994849791284472,-0.018573559291943275,-0.8509108164072305
0.7723727322839046,1.2400109058038924,-0.02690180313799566,0.3603644623847995,-1.1901861448035
0.7640371814506405,1.0985980766344994,-0.5632309928711986,-1.2680448740098513,-1.155260743350943
0.7557016306173755,0.8597675207039702,0.5175535864396504,-1.1758707606290215,0.22179794249273987
0.7362520120064259,1.1645907302468823,-0.5551047930267566,0.8724428700560732,-1.5394401593290719
0.7223594272843195,0.24069357967351876,0.7044561828618272,0.8622013019026469,-0.46673140042910144
0.641782435896096,1.0640304961708704,1.102639975239509,1.794184003864366,0.11702173813506864
0.5862120970076666,0.7057846622750761,-0.45759039489344666,1.3537965732670707,-0.07257329832167052
0.5806550631188243,0.5895118916246868,-0.3925807961379071,1.3230718688067933,-0.5066461449463094
0.5139706564527081,0.8157724182957147,0.8019705809951372,0.9338922789766255,0.5660626139536609
0.36393074145394994,-0.12069476153715074,0.7044561828618272,-0.3155790357412819,-0.3419978238128258
0.30002485173225546,0.10242325781900162,0.5988155848840753,-0.4282362854289622,-0.002722495416556241
0.2972463347878338,1.573116681180683,1.7608621626393492,1.57911107264243,0.625934730729473
0.2472330297882477,-0.32495773700405084,-0.11629000142686244,-1.2065954650892983,0.08209633668251133
0.22500489423287637,1.0671730034857456,1.4601927683949774,1.3230718688067933,-0.46673140042910144
0.19444120784424,2.185905607581384,1.2407853725950313,-0.5408935351166426,1.189730497035039
0.09997163173391017,-0.47579808811806945,0.891358779284004,-1.2885280103167018,0.02721356297134998
0.08607904701180281,0.10242325781900162,-0.47384279458233186,0.06335898593546022,0.062138964423907296
0.005502055623580357,-0.3186727223743001,-1.928432566737535,0.7802687566752434,0.1469577965229745
-0.0028334952096836386,1.5165515495129265,1.4764451680838624,-0.5306519669632169,0.406403635884828
-0.008390529098527,-0.5417907417304528,-0.17317340033796,-0.4282362854289622,0.5161691833071507
-0.016726079931790993,-0.6612060196957174,0.038107795617544495,-1.2475617377030002,-0.3170511084895707
-0.03339718159832108,-0.5386482344155773,-0.10816380158242042,-1.1963538969358727,0.6359134168587752
-0.08896752048674945,-0.22754001024291412,-0.7013763902267209,-0.47944412619608956,0.8654231978327224
-0.16676599493055022,-0.8717540097923684,0.021855395928659316,-1.2065954650892983,0.246744657815995
-0.19455116437476494,1.3437136471947797,1.8827551603059862,0.042875849628608985,1.1448264094531795
-0.252900020207615,-0.529220712470951,-0.09191140189353524,0.30915662161767216,-0.8010173857607202
-0.2723496388185668,-0.40666292719081093,-0.1812996001824026,0.6164036662204364,1.005124803642951
-0.2862422235406731,-0.2652500980214186,-0.9289099858711101,0.45253857576562795,0.8155297671862122
-0.5613154010383985,-1.0100243316468855,1.3464259705727832,-1.216837033242724,-0.5365822033342157
-0.6085501890935628,-0.8246164000692376,-0.3438235970712521,0.6368868025272876,1.7635049494699069
-0.6391138754821993,-0.9031790829411224,0.013729196084216723,-0.22340492236045276,1.6487500589829334
-0.666899044926414,-0.9723142438683807,-1.0426767836933053,0.012151145168332855,0.6758281613759832
-0.9225226038131887,-0.4695130734883187,-0.8395217875822433,-0.14147237713304925,1.7335688910820004
-1.0531129002009978,0.2564061162478958,-0.4169593956712343,0.3603644623847995,1.3044853875220124
-1.1725891288111205,-0.796333834235359,-0.977667184937765,-1.442151532618084,1.603845971401074
-1.2003742982553354,-0.8214738927543623,-2.5785285542929333,-1.4319099644646582,0.5411158986304058
-1.2781727726991365,-0.900036575626247,-1.2620841794932518,-0.684275489264599,1.484101737849449
-1.3226290438098798,-1.2299998436881625,-1.1401911818266146,-2.2512354167386963,1.9231639275387398
-1.3448571793652517,-0.023277034776014005,0.40378678861745537,-0.3565453083549836,1.9281532706033906
-1.4004275182536812,-1.201717277854284,0.3469033897063589,1.4664538229547504,0.5760413000829627
-1.4421052724200032,-1.3085625265600471,-1.0101719843155348,-1.626499759379743,0.845465825574118
-1.4698904418642174,0.7592072866279576,1.8096193617060048,0.43205543945877817,-0.6663051230151424
-1.4865615435307464,-0.6360659611767144,-0.5876095924045264,-0.9505562612536615,0.6309240737941241
-2.150627093247477,-1.2865649753559192,-0.8801527868044556,-0.09026453636592188,1.2994960444573618
-2.2923314574129714,-1.022594360906387,-0.07565900220465005,0.3603644623847995,0.9901567744489981
-2.439592855467309,0.1495608675421324,-2.1072089633152693,0.032634281475184095,0.8354871394448158
1.130801418114274,0.947757725520481,1.411435569328323,1.0772742331245826,-1.3049410352904736
1.1113517995033244,1.0483179595964933,1.2732901719728005,0.9134091426697742,-1.8837048307899924
1.097459214781217,1.2368683984890168,0.5094273865952085,1.0567910968177314,-1.155260743350943
1.0863451470035304,0.5832268769949356,1.6064643655949429,1.415245982187623,-1.3398664367430309
1.0668955283925807,0.8063448963510887,0.8100967808395791,1.6917683223301112,-1.1502714002862917
0.9196341303382431,0.6617895598668205,-0.02690180313799566,0.60616209806701,-1.5244721301351187
0.9168556133938215,1.233725891174141,-0.25443539878238475,0.9953416878971791,-1.2700156338379165
0.7807082831171696,1.4505588959005435,-0.7826383886711458,0.28867348531082093,-0.9457083346355999
0.7418090458952692,0.005005531057864891,1.1513971743061635,-0.04929826375221941,-1.2151328601267553
0.7306949781175824,0.3035437259710266,0.7207085825507124,1.0875158012780075,-0.5964543201100282
0.5695409953411376,0.8251999402403406,-0.8476479874266853,0.5037464165327553,-1.554408188523025
0.5612054445078736,-0.40037791256106053,0.3225247901730306,0.4115723031519269,-1.0255378236700161
0.5417558258969228,0.7434947500535809,-0.4982213941156591,0.9543754152834767,-1.5394401593290719
0.5223062072859732,0.9414727108907303,-0.01877560329355307,0.4218138713053518,-1.1303140280276878
0.4834069700640728,0.7529222719982068,-0.17317340033796,0.8826844382094982,-0.6712944660797935
0.4556218006198581,0.7529222719982068,1.5739595662171724,1.5995942089492812,-0.46673140042910144
0.43617218200890734,-0.4663705661734432,0.8751063795951199,-0.059539831905645754,-0.9307403054416468
0.41672256339795766,0.6555045452370701,-0.4819689944267739,1.3025887324999434,-0.46673140042910144
0.397272944787007,-0.08612718107352182,0.7857181813062519,1.0055832560506042,-0.4467740281704974
0.35281667367626324,0.5895118916246868,-0.4819689944267739,-1.2885280103167018,-1.1003779696397815
0.29446781784341314,0.8283424475552165,1.6714739643504823,1.7532177312506634,0.625934730729473
0.22500489423287637,0.3726788868982851,-0.27881399831571196,1.4459706866478992,-0.027669210739811365
0.14164938590023224,-0.33438525894867716,0.6800775833285,-0.25412962682072887,-0.4168379697825912
0.09163608090064618,0.6649320671816961,0.7694657816173668,1.7224930267903873,0.10704305200576646
0.08607904701180281,0.7466372573684561,0.7613395817729248,0.9543754152834767,0.5361265555657547
0.05273684367874579,-0.11755225422227554,0.7044561828618272,-0.34630374020155874,0.03719224910065217
0.03328722506779507,1.1803032668212594,1.5902119659060576,-0.24388805866730398,0.3016274315271564
0.013837606456845397,1.5982567396996865,0.9563683780395447,-0.5511351032700682,1.1348477233238774
-0.02784014770947667,-0.6297809465469636,-0.01877560329355307,0.06335898593546022,-0.8209747580193243
-0.03339718159832108,-0.3500977955230542,0.8426015802173495,-1.216837033242724,0.04218159216530327
-0.1362023085419149,0.6146519501436897,1.7852407621726762,0.28867348531082093,-0.7760706704374651
-0.18899413048592262,-0.013849512831387707,-0.4657165947378893,0.1043252585491627,0.09706436587646426
-0.23067188465224364,-0.5920708587684588,-0.04315420282688027,-1.1349044880153198,0.10205370894111536
-0.3779332827065823,-0.8497564585882407,0.054360195306429104,-1.370460555544106,-0.25717899171375824
-0.4585102740948047,-0.6894885855295959,-0.09191140189353524,-1.3294942829304035,0.61096670153552
-0.5196376468720765,-0.5386482344155773,-0.9532885854044378,0.4218138713053518,0.80555108105691
-0.5474228163162912,-0.5575032783048297,-2.0015683653375174,0.6676115069875638,0.23676597168669317
-0.5863220535381916,-0.6517784977510914,-0.17317340033796,0.5242295528396065,0.9851674313843466
-0.6391138754821993,-0.5952133660833342,-0.4657165947378893,-0.3975115809686861,0.8404764825094673
-0.6391138754821993,-1.0194518535915116,0.005602996239774708,-1.2885280103167018,0.2667020300745994
-0.8058248921474871,-0.04527458598014179,-0.45759039489344666,0.1862578037765662,1.3094747305866632
-0.9808714596460398,-0.13012228348177668,-2.00969456518196,0.001909577014907963,0.7406896212164468
-0.9892070104793044,-1.1294396096121502,-0.4007069959823491,0.2579487808505448,0.3814569205615728
-0.9947640443681471,-1.1168695803526485,-1.0101719843155348,0.1145668267025876,0.7107535628285402
-1.2559446371437648,-1.0257368682212624,-1.1726959812043845,-0.8993484204865342,1.3743361904271272
-1.2920653574212435,-1.151437160816278,-0.09191140189353524,0.28867348531082093,1.045039548160159
-1.3254075607543014,-0.7334836879378513,-0.5551047930267566,-0.9812809657139376,0.6708388183113322
-1.3837564165871525,-1.00688182433201,-2.562276154604048,-1.3602189873906805,0.4862331249192444
-1.4393267554755815,-1.3619851509129288,-0.9370361857155527,-1.6777076001468703,0.860433854768071
-1.5115681960305394,-0.9188916195154994,-0.8882789866488977,-1.4216683963112335,1.5190271393020065
-1.6921717974179347,-1.4248352972104366,-1.1726959812043845,-2.3331679619661005,1.9331426136680414
1.6198204003324512,1.538549100717054,1.3708045701061105,1.169448346505411,-1.3348770936783798
1.5531359936663371,1.5982567396996865,1.2326591727505882,0.9953416878971791,-1.9086515461132476
1.4419953158894783,1.2871485155270228,0.8100967808395791,1.57911107264243,-1.155260743350943
1.4114316295008418,0.947757725520481,1.5008237676171896,1.3435550051136445,-1.369802495130937
1.4058745956119996,1.7742371493327083,0.17625319297306624,0.9953416878971791,-1.1502714002862917
1.3697538753345198,1.7113870030352,-0.29506639800459716,1.0772742331245826,-1.2750049769025675
1.1947073078359676,0.9446152182056055,-0.02690180313799566,0.6471283706807125,-1.4246852688420981
1.1446940028363815,1.8559423395194683,-0.8720265869600131,0.278431917157396,-0.9307403054416468
1.039110358948366,1.3971362715476614,-0.8476479874266853,0.48326328022590553,-1.5593975315876758
1.0279962911706804,0.19669847726526316,1.4683189682394204,0.5754373936067338,-1.6541950498160451
1.0252177742262587,1.2400109058038924,-0.36007599676013674,0.9236507108232006,-1.5045147578765146
1.0168822233929935,1.2211558619146405,2.0940363562614914,1.6405604815629837,-0.4318059989765441
1.0002111217264655,0.36953637958340957,1.1513971743061635,-0.10050610451934677,-1.2051541739974532
0.9863185370043582,0.6963571403304502,0.17625319297306624,1.2104146191191136,-0.6114223493039811
0.9585333675601435,1.5825442031253096,-0.035028002982437675,0.5037464165327553,-1.1303140280276878
0.9029630286717141,1.2557234423782693,-0.1894258000268452,0.8724428700560732,-0.6313797215625851
0.7584801475617972,-0.20554245903878635,0.35502958955080094,0.39108916684507566,-0.990612422217459
0.7445875628396899,1.0263204083923656,-0.5225999936489862,1.2616224598862409,-0.49666745881700763
0.6834601900624181,0.9540427401502318,-0.27068779847126995,1.507420095568453,-0.07257329832167052
0.6695676053403107,1.7679521347029572,1.638969164972712,-0.22340492236045276,0.2716913731392501
0.6695676053403107,0.8660525353337206,-0.4007069959823491,-1.2987695784701274,-1.0804205973811776
0.6640105714514684,1.189730788765886,1.4764451680838624,1.6712851860232598,0.6409027599234263
0.6390039189516754,-0.2746776199660449,0.9644945778839867,-0.19268021790017661,-0.8808468747951363
0.6278898511739887,0.24383608698839393,0.8182229806840223,0.9953416878971791,-0.46673140042910144
0.5612054445078736,1.7742371493327083,1.8827551603059862,0.4935048483793304,0.9901567744489981
0.4445077328421724,1.2840060082121478,0.249388991573049,1.814667140171217,0.12700042426437047
0.4445077328421724,-0.03898957135039069,0.7044561828618272,-0.13123080897962291,-0.48169942962305434
0.3555951906206849,1.0608879888559948,0.16000079328418165,0.8622013019026469,0.4962118110485463
0.3083604025655205,0.8597675207039702,1.842124161083774,0.4013307349985006,-0.8209747580193243
0.2833537500657275,1.9785001247996084,0.17625319297306624,-0.5613766714234931,1.0649969204187635
0.2666826483991984,-0.3532403028379294,0.10311739437308408,0.1145668267025876,-0.8608895025365323
0.19999824173308334,0.18412844800576203,0.21688419219527863,-0.36678687650840924,0.03719224910065217
0.18610565701097495,0.39467643810241254,-0.45759039489344666,0.23746564454369357,0.13697911039367267
0.12775680117812488,-0.07355715181401996,0.8019705809951372,-1.1349044880153198,0.13198976732902157
-0.05562531715369138,-0.463228058858568,-0.01877560329355307,-1.1758707606290215,0.12201108119971939
-0.19732968131918557,-0.5637882929345804,0.19250559266195144,-1.4933593733852113,-0.18732818880864396
-0.211222266041294,-0.26210759070654305,-1.863422967981995,0.5754373936067338,0.1619258257169278
-0.26957112187414506,-0.44437301496931575,-0.06753280236020805,-1.3909436918509566,0.6309240737941241
-0.2806851896518297,-0.5072231612668235,-0.10003760173797784,-1.0017641020207888,0.5610732708890098
-0.3279199777069962,-0.463228058858568,-0.1812996001824026,0.48326328022590553,0.95024202993179
-0.36126218104005214,-0.32495773700405084,-0.9939195846266502,0.29891505346424585,0.7855937087983056
-0.4418391724282757,-0.8403289366436147,0.08686499468419948,-1.2578033058564257,0.31160611765645857
-0.46406730798364704,-0.4412305076544402,-0.6201143917822962,-0.38727001281526047,0.8205191102508629
-0.48073840965017606,0.3381113064346555,-0.4332117953601195,0.1760162356231413,1.2745493291341066
-0.6502279432598855,0.14013334559750645,-1.9690635659597473,-0.008331991138518383,0.80555108105691
-0.7363619685369508,-0.9754567511832563,-0.47384279458233186,0.032634281475184095,0.5161691833071507
-0.7585901040923226,-0.9408891707196269,-0.9614147852488805,0.21698250823684231,0.605977358470869
-1.0030995952014117,-0.5480757563602034,-0.5144737938045443,-0.9095899886399598,0.645892102988077
-1.0614484510342623,-0.9408891707196269,-0.6851239905378358,1.5586279363355802,1.1248690371945758
-1.0864551035340553,-0.8623264878477421,-1.0020457844710928,-0.8378990115659811,1.3543788181685228
-1.0920121374228986,-0.8466139512733653,-2.5785285542929333,-1.3294942829304035,0.4562970665313382
-1.1197973068671134,-1.0854445072038947,-0.10003760173797784,0.2579487808505448,1.1049116649359714
-1.2059313321441782,-1.2048597851691596,-0.8557741872711279,-1.595775054919466,0.8404764825094673
-1.3059579421433507,-0.7209136586783498,-0.8557741872711279,-1.4831178052317857,1.5389845115606107
-1.528239297697068,-1.3776976874873057,-1.2052007805821547,-2.1795444396647183,1.858302467698276
-1.6199303568629773,-1.2080022924840348,-1.0833077829155175,-1.3602189873906805,1.883249183021531
1.680947773109724,1.579401695810434,1.313921171195013,1.4562122548013254,-1.389759867389541
1.6087063325547666,1.6171117835889386,1.322047371039456,0.9543754152834767,-1.9036622030485966
1.4725590022781145,1.8873674126682216,-0.27068779847126995,1.0363079605108803,-1.2999516922258225
1.461444934500429,1.1080255985791252,1.411435569328323,1.3845212777273468,-1.3598238090016348
1.4114316295008418,1.2494384277485182,0.8669801797506768,1.3742797095739205,-1.1103566557690836
1.3808679431122055,1.7208145249798268,0.21688419219527863,0.9441338471300518,-1.1053673127044326
1.2697272653353477,1.0483179595964933,-0.08378520204909265,0.7085777796012648,-1.4196959257774473
1.2447206128355537,1.2525809350633939,2.1265411556392606,1.6917683223301112,-0.7161985536616526
1.2030428586692314,1.9125074711872254,-0.6607453910045086,0.32963975792452344,-0.9008042470537407
1.1780362061694396,0.7749198232023347,1.2407853725950313,-0.182438649746751,-1.7340245388504618
1.172479172280596,1.2871485155270228,0.038107795617544495,0.9543754152834767,-1.5095041009411656
1.1669221383917527,1.6453943494228178,-0.8964051864933403,0.3398813260779483,-1.589333589975582
1.147472519780802,0.2784036674520236,1.508949967461633,0.6983362114478399,-1.609290962234186
1.022439257281837,2.3178909148061506,1.736483563106022,0.43205543945877817,0.17689385491088072
1.0085466725597296,0.40096145273216327,1.1757757738394907,-0.21316335420702712,-1.2400795754500102
0.9724259522822508,0.6869296183858238,0.16812699312862422,1.251380891732816,-0.586475633980726
0.9668689183934075,1.3939937642327864,-0.221930599404615,0.8622013019026469,-0.5964543201100282
0.9557548506157219,1.4914114909939236,-0.02690180313799566,0.45253857576562795,-1.1303140280276878
0.7834868000615902,2.3304609440656514,2.0127743578170665,0.7393024840615423,0.8903699131559776
0.7056883256177894,-0.26839260533629417,0.4119129884618985,0.39108916684507566,-0.9506976777002508
0.7001312917289461,0.9666127694097333,-0.2138043995601724,1.5586279363355802,-0.04762658299841539
0.6917957408956831,0.9791827986692347,-0.5794833925600839,1.3333134369602195,-0.46673140042910144
0.6362254020072536,-0.19925744440903523,0.9726207777284287,-0.3155790357412819,-0.8608895025365323
0.6278898511739887,0.28468868208177395,0.891358779284004,0.9134091426697742,-0.48668877268770544
0.608440232563039,0.8440549841295932,-0.4169593956712343,-1.79036484983455,-0.9956017652821102
0.5584269275634529,1.0546029742262437,1.4195617691727649,2.0092569350863,0.6758281613759832
0.5500913767301878,0.47952413560404816,0.6882037831729421,-1.534325645998913,0.2916487453978545
0.4667358683975437,0.9634702620948581,1.8908813601504295,0.37060603053822444,-0.8608895025365323
0.4445077328421724,-0.06412962986939368,0.7207085825507124,-0.28485433128100573,-0.4517633712351485
0.397272944787007,1.2305833838592664,0.16000079328418165,1.9068412535520454,0.1519471395876256
0.397272944787007,0.9289026816312285,0.12749599390641186,0.8724428700560732,0.4513077234666871
0.38893739395374294,-0.24953756144704156,0.16000079328418165,0.16577466746971495,-0.9157722762476936
0.34448112284300025,1.9439325443359794,0.16000079328418165,-0.6945170574180247,0.9003485992852798
0.2694611653436191,0.5737993550503097,-0.5144737938045443,0.14529153116286372,0.17190451184622962
0.22500489423287637,0.20926850652476503,0.2737675911063762,-0.32582060389470746,0.08708567974716243
0.04440129284548179,-0.14897732737102928,0.8426015802173495,-1.1758707606290215,0.20184057023413585
-0.019504596876212674,-0.76176625377173,1.0295041766395263,-0.971039397560512,-0.48169942962305434
-0.052846800209270746,-0.48208310274782024,0.005602996239774708,-1.0427303746344907,0.10205370894111536
-0.1362023085419149,-0.37209534672718164,0.24126279172860582,-1.8313311224482525,-0.20229621800259726
-0.227893367707823,-0.35638281015280493,-0.11629000142686244,-1.2065954650892983,0.6907961905699366
-0.2501215032631944,-0.2212549956131634,-1.8715491678264375,0.4935048483793304,0.20682991329878694
-0.3195844268737311,-0.48208310274782024,-0.1487948008046328,0.4115723031519269,0.9302846576731856
-0.3723762488177389,-0.5166506832114495,-0.47384279458233186,-1.1349044880153198,0.625934730729473
-0.4196110368729033,-0.4412305076544402,-0.5794833925600839,-0.15171394528647414,0.7406896212164468
-0.42794658770616834,-0.4600855515436928,-1.075181583071075,0.4013307349985006,0.7905830518629571
-0.4668458249280687,-0.7994763415502345,0.038107795617544495,-1.1758707606290215,0.3764675774969217
-0.4946309943722834,0.28783118939664953,-0.3519497969156947,0.23746564454369357,1.2396239276815493
-0.5029665452055474,0.24383608698839393,-1.8146657689153405,0.1862578037765662,0.7057642197638895
-0.7113553160371577,-0.6957736001593469,-0.37632839644902194,-0.09026453636592188,1.5090484531727042
-0.755811587147901,-0.30296018579992345,-0.6282405916267388,0.13504996300943883,1.813398380116417
-0.7863752735365374,-0.9597442146088793,-0.9695409850933224,0.13504996300943883,0.6359134168587752
-0.8475026463138091,-0.8466139512733653,-0.08378520204909265,-0.6740339211111734,1.5539525407545638
-0.8780663327024455,-1.054019434055141,-0.546978593182314,-0.2746127631275801,0.5959986723415668
-0.8919589174245528,-0.5166506832114495,-0.3844545962934645,-0.8583821478728324,0.6508814460527281
-0.9864284935348827,-0.771193775716356,-0.7745121888267031,1.3845212777273468,1.1099010080006222
-1.0114351460346758,-0.8466139512733653,-0.7338811896044908,-0.6945170574180247,1.2545919568755022
-1.0836765865896336,-1.0760169852592687,-0.9045313863377829,-1.5752919186126155,0.7905830518629571
-1.0864551035340553,-0.8748965171072436,-2.554149954759606,-1.1758707606290215,0.43633969427273417
-1.244830569366079,-1.1545796681311533,-0.12441620127130502,0.09408369039573636,1.1847411539703876
-1.317072009921037,-0.76176625377173,-0.8557741872711279,-1.4011852600043821,1.5090484531727042
-1.4837830265863248,-1.0351643901658885,-0.9451623855599952,-1.1451460561687454,1.8533131246336252
-1.5226822638082256,-1.3588426435980534,-1.0995601826044021,-2.200027575971569,1.858302467698276
1.6448270528322453,1.4411313739559168,1.1920281735283758,1.4050044140341982,-1.409717239648145
1.5170152733888573,1.375138720343534,1.305794971350571,0.8007518929820946,-1.9186302322425497
1.436438282000635,1.708244495720325,-0.3194449975379243,1.097757369431434,-1.3149197214197756
1.436438282000635,0.8849075792229733,1.4195617691727649,1.3845212777273468,-1.4147065827127963
1.375310909223363,1.0671730034857456,0.8344753803729076,1.2411393235793897,-1.145282057221641
1.3447472228347268,0.7309247207940791,1.2651639721283585,0.07360055408888656,-1.7539819111090658
1.3225190872793553,1.497696505623674,0.35502958955080094,0.8826844382094982,-1.1153459988337346
1.283619850057454,1.02317790107749,-0.05940660251576545,0.8109934611355195,-1.379781181260239
1.1808147231138602,1.1017405839493748,0.29001999079526136,0.8622013019026469,-1.5194827870704677
1.1530295536696455,0.234408565043768,1.4683189682394204,0.6573699388341374,-1.609290962234186
1.1419154858919598,1.0860280473749977,2.0452791571948357,1.507420095568453,-0.6613157799504913
1.10579476561448,1.6799619298864468,-0.6688715908489512,0.3808475986916508,-0.8209747580193243
1.0919021808923737,1.3468561545096553,-0.8476479874266853,0.5447126891464578,-1.6142803052988373
1.0168822233929935,0.21555352115451576,1.322047371039456,-0.2950958994344314,-1.2999516922258225
0.9668689183934075,0.47952413560404816,0.5175535864396504,1.2411393235793897,-0.5465608894635179
0.8723993422830777,1.167733237561758,-0.3113187976934823,0.9236507108232006,-0.5465608894635179
0.8585067575609704,1.2840060082121478,-0.051280402671322854,0.5447126891464578,-1.1253246849630367
0.7890438339504335,2.192190622211135,2.077783956572606,0.6880946432944149,0.80555108105691
0.7890438339504335,1.604541754329437,1.8339979612393318,0.23746564454369357,0.13697911039367267
0.7195809103398978,-0.25896508339166785,1.1513971743061635,-0.1619555134399005,-0.965665706894204
0.6695676053403107,-0.4192329564503124,0.5500583858174208,0.5139879846861817,-0.9357296485062977
0.6306683681184103,0.8346274621849669,-0.29506639800459716,1.4050044140341982,-0.02267986767516027
0.5945476478409316,0.8346274621849669,-0.45759039489344666,-1.7493985772208482,-0.9606763638295528
0.5389773089525022,0.08671072124462458,0.9888731774173138,0.9236507108232006,-0.46673140042910144
0.5111921395082875,0.7246397061643283,-0.6119881919378536,1.3230718688067933,-0.38191256833003384
0.5056351056194441,0.2124110138396402,0.77759198146181,-1.5855334867660404,0.17190451184622962
0.48618548700849445,1.1080255985791252,1.411435569328323,0.4730217120724792,-0.9008042470537407
0.4722929022863871,-0.25896508339166785,0.19250559266195144,0.1964993719299911,-0.9756443930235059
0.4000514617314297,0.7529222719982068,0.5419321859729777,0.7905103248286697,0.34653151910901553
0.3806018431204779,-0.1678323712602815,0.7613395817729248,-0.5716182395769187,-0.4218273128472423
0.36948777534279226,1.573116681180683,0.7450871820840396,-0.6740339211111734,0.845465825574118
0.2805752331213058,1.0954555693196244,0.39566058877301336,1.9273243898588968,0.191861884104834
0.27223968228804074,-0.4192329564503124,0.16812699312862422,-0.6125845121906205,-0.7660919843081629
0.23889747895498373,0.04585812615124456,0.7125823827062704,-0.3565453083549836,0.10205370894111536
0.1749915892332903,0.28154617476689875,-0.4982213941156591,0.14529153116286372,0.17190451184622962
0.0582938775675881,-0.7523387318271038,1.2489115724394733,-0.7866911707988538,-0.46673140042910144
0.02495167423453107,-0.23068251755778932,0.8994849791284472,-1.1451460561687454,0.2517340008806461
-0.04451124937600571,-0.5952133660833342,0.021855395928659316,-1.0734550790947668,0.07710699361786023
-0.1362023085419149,-0.43494549302468943,0.2981461906397034,-1.79036484983455,-0.19231753187329506
-0.24456446937435206,-0.5135081758965743,-0.09191140189353524,-1.1963538969358727,0.6808175044406344
-0.38626883353984626,-0.7303411806229761,-0.12441620127130502,0.3808475986916508,0.9402633438024878
-0.414054002984061,-0.6077833953428359,-0.4007069959823491,-1.2782864421632762,0.6558707891173792
-0.4251680707617466,-0.4538005369139417,-0.6444929913156234,-0.018573559291943275,0.7556576504103997
-0.4418391724282757,-0.5826433368238327,-1.0914339827599595,0.4115723031519269,0.7806043657336549
-0.46962434187248936,-0.4255179710800635,-1.928432566737535,0.3808475986916508,0.09706436587646426
-0.48073840965017606,0.14327585291238165,-1.7821609695375702,0.1964993719299911,0.6658494752466814
-0.5140806129832342,-1.1105845657228979,1.541454766839402,-1.4728762370783608,1.1049116649359714
-0.5446442993718694,-0.900036575626247,0.12749599390641186,-1.3397358510838293,0.426361008143432
-0.6085501890935628,-0.051559600609892176,-0.3113187976934823,0.2681903490039697,1.269559986069455
-0.7308049346481079,-0.8560414732179915,-0.6119881919378536,-0.43847785358238783,0.5810306431476139
-0.7363619685369508,-0.8434714439584899,-0.4007069959823491,0.042875849628608985,1.4990697670434028
-0.7835967565921157,-0.45694304422881726,-0.4413379952045615,0.0223927133217592,1.8483237815689744
-0.8002678582586448,-0.9031790829411224,-0.035028002982437675,-0.684275489264599,1.5240164823666578
-0.8613952310359164,-1.0634469559997668,-1.0101719843155348,0.1862578037765662,0.5660626139536609
-0.894737434368974,-1.1168695803526485,-0.5794833925600839,-0.3770284446618348,0.6209453876648219
-0.958643324090668,-0.7271986733081005,-0.24630919893794218,-0.8276574434125555,0.6209453876648219
-0.9669788749239324,-0.9408891707196269,-0.6363667914711814,-0.5204103988097913,1.2745493291341066
-1.0030995952014117,-0.8686115024774931,-0.6363667914711814,1.3742797095739205,1.0899436357420185
-1.0308847646456265,-1.1262971022972748,-0.8151431880489155,-1.5036009415386369,0.8105404241215607
-1.0864551035340553,-0.9785992584981317,-2.546023754915163,-1.1349044880153198,0.3664888913676199
-1.3531927301985163,-1.226857336373287,-0.15692100064907483,0.0223927133217592,1.204698526228992
-1.405984552142524,-1.1074420584080225,-0.807016988204473,-1.1451460561687454,1.8333557523750208
-1.4504408232532673,-0.9346041560898762,-2.2453543606707913,-1.4728762370783608,1.1947198400996897
-1.4559978571421106,-0.9691717365535053,-0.8476479874266853,-1.4831178052317857,1.444186993332241
-1.5393533654747542,-1.4091227606360597,-0.9614147852488805,-2.200027575971569,1.803419693987115
1.5864781969993942,1.3248586033055278,1.1513971743061635,1.3845212777273468,-1.4745786994886085
1.5475789597774938,1.2651509643228953,1.313921171195013,0.9851001197437529,-1.9335982614365028
1.3975390447787346,1.5574041446063058,-0.3113187976934823,1.138723642045135,-1.354834465936984
1.3530827736679907,0.7372097354238298,1.2732901719728005,0.001909577014907963,-1.7290351957858106
1.3447472228347268,0.6712170818114471,1.2732901719728005,1.415245982187623,-1.4246852688420981
1.3058479856128264,0.9257601743163533,0.8426015802173495,1.0158248242040289,-1.1502714002862917
1.2474991297799762,1.3657111983989079,0.3469033897063589,0.8109934611355195,-1.0953886265751307
1.2141569264469183,0.9131901450568514,-0.1650472004935174,0.8212350292889459,-1.3398664367430309
1.1419154858919598,1.3877087496030354,-0.6769977906933937,0.3808475986916508,-1.6442163636867435
1.1224658672810102,0.9257601743163533,0.4362915879952257,0.8929260063629244,-1.4995254148118635
1.0807881131146881,0.259548623562771,1.3545521704172254,0.28867348531082093,-1.5194827870704677
1.039110358948366,1.58882921775506,-0.6363667914711814,0.3603644623847995,-0.7311665828556057
1.030774808115101,0.9131901450568514,1.8665027606171012,1.5176616637218778,-0.6762838091444446
0.9501978167268784,0.3538238430090325,0.6313203842618457,1.3025887324999434,-0.5565395755928197
0.9140770964493997,-0.010707005516512153,1.3708045701061105,-0.2029217860536015,-1.354834465936984
0.8335001050611773,1.1457356863576305,-0.051280402671322854,0.5754373936067338,-1.1303140280276878
0.7584801475617972,1.0043228571882377,-0.3844545962934645,0.9441338471300518,-0.48668877268770544
0.7029098086733677,-0.35638281015280493,1.1920281735283758,-0.008331991138518383,-1.0604632251225734
0.6945742578401048,-0.4695130734883187,0.7125823827062704,0.60616209806701,-0.985623079152808
0.6917957408956831,1.595114232384811,2.183424554550358,0.7700271885218185,0.5610732708890098
0.5945476478409316,0.7749198232023347,-0.29506639800459716,1.292347164346517,0.007256190712745951
0.583433580063246,0.08356821392974939,1.0457565763284113,0.9031675745163493,-0.5116354880109606
0.5445343428413445,-0.25582257607679265,0.3306509900174738,0.3193981897710971,-1.0255378236700161
0.5250847242303949,0.6994996476453254,-0.595735792248969,-1.4626346689249352,-0.8658788456011834
0.5250847242303949,1.0043228571882377,1.8990075599948715,0.042875849628608985,0.13198976732902157
0.46395735145312206,0.6020819208841882,-0.6201143917822962,1.292347164346517,-0.37193388220073204
0.4195010803423794,-0.21182747366853708,0.7857181813062519,-0.5306519669632169,-0.48668877268770544
0.39449442784258526,-0.3752378540420572,0.18437939281750884,-0.2029217860536015,-0.8708681886658345
0.36948777534279226,-0.03898957135039069,0.7532133819284828,-1.3909436918509566,0.191861884104834
0.35837370756510656,0.5486592965313067,0.6638251836396148,0.7495440522149672,0.3265741468504115
0.34448112284300025,1.3311436179352791,0.8669801797506768,-0.5818598077303443,0.7855937087983056
0.3278100211764702,0.9603277547799821,0.7857181813062519,1.835150276478067,0.22179794249273987
0.19999824173308334,0.17784343337601094,1.842124161083774,2.1731220255411086,0.6907961905699366
0.18610565701097495,0.6366495013478175,0.9076111789728891,0.5549542572998827,-0.9107829331830426
0.18054862312213366,-0.07669965912889552,0.7450871820840396,-0.32582060389470746,0.12700042426437047
0.12219976728928257,0.15270337485700794,-0.4413379952045615,0.09408369039573636,0.23177662862204207
-0.04173273243158403,-0.8057613561799852,1.1432709744617213,-0.6945170574180247,-0.3270297946188729
-0.10286010520885681,-0.4506580295990665,0.8994849791284472,-1.093938215401618,0.3066167745918075
-0.10563862215327849,-0.6297809465469636,-0.035028002982437675,-1.0427303746344907,0.10704305200576646
-0.17510154576381423,-0.463228058858568,0.28189379095081823,-1.851814258755103,-0.1374347581621337
-0.252900020207615,-0.551218263675079,-0.035028002982437675,-1.0836966472481924,0.6608601321820303
-0.3140273929848878,-0.8717540097923684,-0.8151431880489155,0.5242295528396065,0.31160611765645857
-0.3445910793735242,-0.9031790829411224,-1.0914339827599595,0.042875849628608985,-0.23722161945515421
-0.35848366409563154,-0.7586237464568545,-0.08378520204909265,0.43205543945877817,0.9103272854145812
-0.43350362159501166,-0.5386482344155773,-0.6688715908489512,-0.04929826375221941,0.7357002781517953
-0.4668458249280687,-0.6926310928444713,-0.3844545962934645,-1.370460555544106,0.6558707891173792
-0.472402858816911,-0.6769185562700945,-1.1076863824488448,0.3808475986916508,0.8255084533155144
-0.5113020960388125,-0.5197931905263251,-1.960937366115305,0.4218138713053518,0.07710699361786023
-0.5279731977053405,0.058428155410746405,-1.774034769693128,0.21698250823684231,0.625934730729473
-0.5835435365937699,-1.2048597851691596,1.5170761673060749,-1.4319099644646582,1.060007577354112
-0.6029931552047206,-0.9628867219237546,0.10311739437308408,-1.4011852600043821,0.41139297894947907
-0.666899044926414,-0.21496998098341227,-0.28694019816015454,0.2579487808505448,1.259581299940153
-0.797489341314223,-0.981741765813007,-0.32757119738236695,-0.028815127445368165,1.4242296210736374
-0.8058248921474871,-0.8906090536816207,-0.02690180313799566,-0.8583821478728324,1.484101737849449
-0.8141604429807521,-0.5606457856197049,-0.3682021966045793,-0.10050610451934677,1.8632918107629275
-0.8169389599251732,-0.9283191414601253,-0.5388523933378715,-0.59210137588377,0.6808175044406344
-0.8197174768695944,-1.0665894633146424,-1.1076863824488448,0.1964993719299911,0.61096670153552
-0.9336366715908749,-1.0194518535915116,-0.4657165947378893,-0.5306519669632169,1.2196665554229449
-0.9697573918683536,-0.900036575626247,-0.19755199987128721,1.3025887324999434,1.1797518109057368
-0.9808714596460398,-0.7806212976609821,-0.23005679924905756,-0.8276574434125555,0.6558707891173792
-0.9864284935348827,-1.013166838961761,-2.4891403560040657,-1.0324888064810651,0.2866594023332034
-0.9919855274237255,-0.9157491122006238,-0.8639003871155705,-2.691622847335992,0.8853805700913261
-1.0030995952014117,-1.1137270730377733,-0.8232693878933581,-1.4933593733852113,0.7556576504103997
-1.0419988324233116,-1.1797197266501565,-0.6038619920934111,-0.38727001281526047,0.7007748766992388
-1.4226556538090525,-1.299135004615421,-0.1812996001824026,0.07360055408888656,1.204698526228992
-1.4254341707534741,-0.9785992584981317,-2.0909565636263845,-0.9607978294070871,1.7086221757587452
-1.4865615435307464,-0.9377466634047514,-2.058451764248615,-1.5855334867660404,1.2496026138108514
-1.5004541282528538,-1.4216927898955611,-0.7826383886711458,-2.1385781670510164,1.7934410078578127
-1.5087896790861184,-1.2048597851691596,-0.7582597891378186,-1.0734550790947668,1.7934410078578127
1.4808945531113786,1.0168928864477396,1.118892374928394,1.4664538229547504,-1.4496319841653533
1.4114316295008418,0.9854678132989859,1.2651639721283585,1.0363079605108803,-1.9385876045011539
1.300290951723983,1.2180133545997642,-0.2056781997157298,1.2001730509656887,-1.3398664367430309
1.2308280281134463,0.6963571403304502,0.9157373788173323,0.9134091426697742,-1.145282057221641
1.1974858247803892,0.43552903319579295,1.2326591727505882,1.3333134369602195,-1.4047278965834942
1.1752576892250168,0.3412538137495314,1.2570377722839154,0.0223927133217592,-1.7040884804625556
1.1558080706140672,0.7592072866279576,-0.1650472004935174,0.8314765974423708,-1.344855779807682
1.1224658672810102,1.0640304961708704,0.3306509900174738,0.7802687566752434,-1.0654525681872244
1.0668955283925807,0.08671072124462458,1.2814163718172438,0.7188193477546911,-1.5244721301351187
1.014103706448573,1.0420329449667425,-0.6688715908489512,0.3603644623847995,-1.609290962234186
0.9946540878376222,0.624079472088316,0.28189379095081823,0.8929260063629244,-1.4995254148118635
0.9112985795049781,-0.07041464449914478,1.4439403687060932,-0.11074767267277312,-1.3099303783551246
0.9085200625605564,1.2871485155270228,-0.6769977906933937,0.37060603053822444,-0.6712944660797935
0.844614172838863,0.10870827244875238,0.5581845856618629,1.3537965732670707,-0.5166248310756116
0.794600867839277,0.5895118916246868,1.4764451680838624,1.57911107264243,-0.5365822033342157
0.7695942153394839,0.39153393078753734,1.4683189682394204,-0.7662080344920026,-0.6313797215625851
0.6695676053403107,0.8346274621849669,-0.06753280236020805,0.60616209806701,-1.1253246849630367
0.6528965036737817,-0.6014983807130851,0.7532133819284828,0.6368868025272876,-0.970655049958855
0.6473394697849383,0.7277822134792039,-0.3925807961379071,0.9031675745163493,-0.48668877268770544
0.6362254020072536,1.356283676454282,2.1915507543948003,0.7802687566752434,0.5361265555657547
0.5556484106190313,-0.33752776626355274,0.4687963873729961,0.39108916684507566,-1.0754312543165265
0.5445343428413445,-0.5700733075643312,1.1513971743061635,-0.30533746758785624,-0.990612422217459
0.48062845311965,0.7246397061643283,1.8827551603059862,0.13504996300943883,0.04218159216530327
0.4667358683975437,-0.18040240051978337,1.0863875755506238,0.9134091426697742,-0.5066461449463094
0.4028299786758503,0.3726788868982851,-0.6444929913156234,1.4664538229547504,-0.3370084807481747
0.39171591089816465,0.38839142347266215,-0.5307261934934289,-1.4114268281578077,-0.8159854149546731
0.39171591089816465,0.5580868184759327,-0.4169593956712343,0.8826844382094982,0.12700042426437047
0.36393074145394994,-0.36581033209743125,0.7857181813062519,-0.5818598077303443,-0.5315928602695646
0.3111389195099422,0.988610320613861,1.0295041766395263,-0.6740339211111734,0.7357002781517953
0.29446781784341314,-0.504080653951948,0.15187459343973905,-0.28485433128100573,-0.8309534441486262
0.2916893008989915,0.300401218656151,0.7532133819284828,0.7802687566752434,0.34154217604436476
0.2361189620105631,-0.3500977955230542,0.7207085825507124,-1.4216683963112335,0.1619258257169278
0.13887086895581055,0.6429345159775682,0.671951383484058,0.5242295528396065,-0.8409321302779283
0.10552866562275248,-0.08926968838839701,1.8827551603059862,2.1526388892342574,0.6508814460527281
0.06662942840085315,-0.2809626345957956,0.8426015802173495,-0.47944412619608956,0.20682991329878694
0.03884425895663843,-0.09241219570327257,-0.4413379952045615,0.09408369039573636,0.2617126870099483
-0.011169046042947633,0.5235192380123037,0.8832325794395619,1.6712851860232598,0.605977358470869
-0.12786675770864983,-0.9911692877576331,1.1270185747728363,-0.684275489264599,-0.3370084807481747
-0.17510154576381423,-0.7806212976609821,-0.11629000142686244,-0.971039397560512,0.10704305200576646
-0.19455116437476494,-0.6172109172874621,0.9157373788173323,-1.0836966472481924,0.4014142928201769
-0.2667926049297234,-0.6014983807130851,0.029981595773101905,-1.0529719427879163,0.7456789642810975
-0.3112488760404661,-0.658063512380842,0.30627239048414656,-1.8313311224482525,-0.10250935670957674
-0.3418125624291025,-0.8717540097923684,-0.051280402671322854,0.4218138713053518,0.8504551686387695
-0.3723762488177389,-0.9754567511832563,-1.2133269804265967,0.06335898593546022,-0.27713636397236263
-0.3973829013175319,-1.0194518535915116,-0.977667184937765,0.5037464165327553,0.33156348991506257
-0.48629544353901943,-0.8403289366436147,-0.3356973972268095,-1.370460555544106,0.5959986723415668
-0.5446442993718694,-0.8183313854394867,-0.5144737938045443,-0.028815127445368165,0.7706256796043527
-0.5807650196493482,-0.8403289366436147,-1.229579380115482,0.45253857576562795,0.7855937087983056
-0.5835435365937699,-0.12697977616690148,-1.6196369726487205,0.24770721269711846,0.6409027599234263
-0.641892392426621,-1.0005968097022593,0.11936979406196926,-1.4728762370783608,0.4962118110485463
-0.6530064602043066,-1.3714126728575549,1.5170761673060749,-1.4831178052317857,1.0350608620308568
-0.6557849771487283,0.5360892672718048,0.3306509900174738,-0.971039397560512,0.9153166284792327
-0.7502545532590581,-1.0571619413700164,-0.15692100064907483,-0.11074767267277312,1.3693468473624757
-0.8030463752030659,-0.9848842731278822,0.013729196084216723,-0.9505562612536615,1.4890910809141005
-0.8558381971470741,-0.4475155222841913,-0.36007599676013674,0.14529153116286372,1.4242296210736374
-0.8613952310359164,-1.079159492574144,-0.6769977906933937,-0.59210137588377,0.6359134168587752
-0.9114085360355031,-0.7554812391419791,-0.3682021966045793,-0.13123080897962291,1.8982172122154848
-0.9336366715908749,-1.1765772193352808,-1.2945889788710214,0.15553309931629006,0.6209453876648219
-0.9391937054797178,-1.1231545949823996,-2.440383156937411,-0.9607978294070871,0.23177662862204207
-0.9419722224241395,-1.04773441942539,-0.7988907883600309,-2.046404053670187,1.0101141467076018
-0.9447507393685606,-1.192289755909658,-0.4250855955156769,-0.5204103988097913,1.1947198400996897
-0.9614218410350897,-1.1545796681311533,-0.8151431880489155,-1.370460555544106,0.7357002781517953
-1.0308847646456265,-0.9314616487750008,-0.1812996001824026,-0.8276574434125555,0.6209453876648219
-1.0419988324233116,-1.0383068974807639,-0.1325424011157476,1.251380891732816,1.2346345846168978
-1.1642535779778567,-1.365127658227804,-0.5632309928711986,-0.5306519669632169,0.8105404241215607
-1.4198771368646312,-0.9471741853493777,-1.87967536767088,-1.534325645998913,1.2346345846168978
-1.4421052724200032,-1.2708524387815425,-0.5225999936489862,-0.81741587525913,1.803419693987115
-1.4698904418642174,-1.4499753557294397,-0.652619191160066,-2.036162485516762,1.7585156064052554
-1.4976756113084322,-1.0854445072038947,-2.3834997580263133,-0.971039397560512,1.68367546043549
1.4753375192225353,1.0294629157072408,1.0376303764839694,1.4869369592616015,-1.4396532980360512
1.3058479856128264,0.7969173744064624,1.0863875755506238,1.0567910968177314,-1.923619575307201
1.266948748390926,1.0954555693196244,-0.23005679924905756,1.2411393235793897,-1.354834465936984
1.2447206128355537,0.5737993550503097,0.9563683780395447,1.0260663923574553,-1.210143517062104
1.1752576892250168,0.3412538137495314,1.1757757738394907,1.3230718688067933,-1.4346639549714002
1.147472519780802,0.19669847726526316,1.2326591727505882,-0.008331991138518383,-1.7040884804625556
1.0780095961702663,0.5863693843098116,-0.27068779847126995,0.8314765974423708,-1.3398664367430309
1.0530029436704733,0.906905130427101,0.30627239048414656,0.7905103248286697,-1.0504845389932713
1.0168822233929935,-0.07669965912889552,1.2407853725950313,0.6983362114478399,-1.5643868746523268
0.9752044692266715,0.46695410634454665,0.3469033897063589,0.9031675745163493,-1.5095041009411656
0.9363052320047711,0.5895118916246868,1.4845713679283057,-0.7047586255714503,-0.6413584076918873
0.9112985795049781,0.8000598817213376,-0.6932501903822784,0.3603644623847995,-1.5643868746523268
0.844614172838863,-0.24953756144704156,1.4601927683949774,-0.04929826375221941,-1.3398664367430309
0.844614172838863,1.2494384277485182,-0.7176287899156062,0.3603644623847995,-0.6064330062393299
0.7695942153394839,-0.026419542090889196,0.5338059861285357,1.3333134369602195,-0.49666745881700763
0.6612320545070467,0.32554127717515435,1.3951831696394377,1.4869369592616015,-0.551550232528169
0.641782435896096,-0.6737760489552188,0.7369609822395976,0.6368868025272876,-0.9956017652821102
0.6056617156186173,0.5800843696800605,-0.45759039489344666,0.9441338471300518,-0.48668877268770544
0.5667624783967169,-0.40666292719081093,0.40378678861745537,0.4935048483793304,-1.1203353418983857
0.5417558258969228,0.4606690917147959,-0.1406686009601902,0.6266452343738612,-1.1153459988337346
0.48618548700849445,0.9823253059841099,2.1915507543948003,0.7495440522149672,0.5012011541131973
0.4834069700640728,-0.7931913269204838,1.1513971743061635,-0.19268021790017661,-1.010569794476063
0.4445077328421724,0.5518018038461819,1.9071337598393134,0.22722407639026868,0.017234876842048143
0.4250581142312217,-0.29039015654042194,1.0945137753950658,0.974858551590328,-0.5415715463988668
0.3139174364543628,0.24069357967351876,-0.6932501903822784,1.538144800028729,-0.3370084807481747
0.30002485173225546,0.19041346263551243,-0.5551047930267566,-1.370460555544106,-0.8010173857607202
0.2916893008989915,-0.47579808811806945,0.7369609822395976,-0.5613766714234931,-0.5166248310756116
0.2861322670101481,0.36325136495365884,-0.5225999936489862,0.9338922789766255,0.1669151687815789
0.26390413145477676,0.7937748670915868,0.9888731774173138,-0.5408935351166426,0.6957855336345873
0.2583470975659334,-0.5983558733982097,0.11936979406196926,-0.36678687650840924,-0.8109960718900221
0.20833379256634837,0.16841591143138498,0.6882037831729421,0.7905103248286697,0.3565102052383177
0.20833379256634837,-0.36895283941230644,0.5906893850396332,-1.349977419237255,0.23676597168669317
0.07774349617853778,0.44181404782554334,0.5988155848840753,0.5447126891464578,-0.8509108164072305
-0.011169046042947633,-0.21182747366853708,-0.4332117953601195,0.13504996300943883,0.2667020300745994
-0.08618900354232778,0.4135314819916652,0.9401159783506595,1.702009890483536,0.5910093292769161
-0.1639874779861296,-1.0948720291485208,1.1270185747728363,-0.5818598077303443,-0.3370084807481747
-0.21400078298571565,-0.6863460782147205,0.8994849791284472,-1.0427303746344907,0.4213716650787809
-0.21955781687455797,-0.8717540097923684,-0.19755199987128721,-0.9300731249468103,0.09706436587646426
-0.23345040159666533,0.08356821392974939,-2.099082763470827,-1.0324888064810651,-0.012701181545858078
-0.30569184215162276,-0.6989161074742222,0.2981461906397034,-1.810847986141401,-0.08255198445097235
-0.3418125624291025,-0.7680512684014806,0.021855395928659316,-0.971039397560512,0.750668307345749
-0.36126218104005214,-0.9597442146088793,-0.051280402671322854,0.48326328022590553,0.7905830518629571
-0.39460438437311024,-0.5103656685816991,0.4687963873729961,-1.4011852600043821,0.6359134168587752
-0.40571845215079694,-1.0917295218336456,-1.1483173816710572,0.1760162356231413,-0.22724293332585238
-0.45295324020596134,-1.1262971022972748,-1.12393878213773,0.39108916684507566,0.3265741468504115
-0.45295324020596134,-0.8466139512733653,-0.3844545962934645,-1.2782864421632762,0.5660626139536609
-0.5224161638164981,-0.9534591999791283,-1.1726959812043845,0.6573699388341374,0.645892102988077
-0.6113287060379846,-0.29667517117017234,-1.603384572959836,0.32963975792452344,0.6209453876648219
-0.6391138754821993,-1.3745551801724303,1.4926975677727476,-1.380702123697531,1.0101141467076018
-0.6474494263154638,-1.022594360906387,0.09499119452864149,-1.4319099644646582,0.5411158986304058
-0.6752345957596785,0.3381113064346555,0.3469033897063589,-0.7764496026454282,0.8005617379922593
-0.7002412482594715,-0.7900488196056084,-1.9040539672042072,0.3603644623847995,0.012245533777397047
-0.7030197652038932,-1.0634469559997668,-0.15692100064907483,-0.018573559291943275,1.3194534167159655
-0.7613686210367439,-1.0917295218336456,-0.595735792248969,-0.5408935351166426,0.43135035120808307
-0.8447241293693879,-1.1074420584080225,0.021855395928659316,-0.971039397560512,1.4890910809141005
-0.9308581546464533,-0.5669308002494559,-0.4494641950490041,0.05311741778203533,1.459155022526194
-0.9475292563129822,-1.1985747705394088,-2.391625957870756,-0.8993484204865342,0.21680859942808914
-0.9475292563129822,-1.1828622339650319,-0.807016988204473,-1.3294942829304035,0.7357002781517953
-0.9530862902018251,-1.2614249168369163,-0.4332117953601195,-0.5101688306563658,1.1548050955824818
-0.958643324090668,-1.104299551093147,-0.8232693878933581,-1.9849546447496345,0.9851674313843466
-1.0197706968679403,-1.299135004615421,0.5500583858174208,-2.159061303357867,1.2945067013927103
-1.0392203154788904,-1.0383068974807639,-0.8720265869600131,-0.13123080897962291,1.4641443655908455
-1.047555866312155,-1.2771374534112934,-1.302715178715464,0.1145668267025876,0.6009880154062178
-1.0503343832565766,-1.1168695803526485,-0.09191140189353524,1.2616224598862409,1.2446132707462
-1.0503343832565766,-1.022594360906387,-0.1406686009601902,-0.7866911707988538,0.61096670153552
-1.105904722145006,-1.0445919121105147,-0.4250855955156769,-0.21316335420702712,1.9231639275387398
-1.144803959366906,-0.9503166926642531,-1.2945889788710214,-0.4896856943495152,1.084954292677367
-1.328186077698723,-1.4562603703591905,-0.5876095924045264,-0.5306519669632169,0.8255084533155144
-1.4615548910309535,-1.4908279508228195,-0.6282405916267388,-1.9849546447496345,1.7136115188233967
-1.4698904418642174,-1.305420019245172,-0.6201143917822962,-0.7866911707988538,1.7784729786638598
-1.5032326451972755,-1.1891472485947825,-2.180344761915252,-0.9403146931002359,1.643760715918282
1.4058745956119996,0.8220574329254654,0.9888731774173138,1.4664538229547504,-1.4945360717472127
1.2197139603357616,0.4826666429189237,0.9482421781951015,1.0363079605108803,-1.2500582615793123
1.2058213756136542,0.6460770232924434,0.9644945778839867,1.097757369431434,-1.9186302322425497
1.1947073078359676,0.3035437259710266,1.110766175083951,1.3025887324999434,-1.554408188523025
1.1697006553361744,0.9666127694097333,-0.28694019816015454,1.2308977554259648,-1.3398664367430309
1.1030162486700594,0.10556576513387718,1.200154373372819,0.001909577014907963,-1.7040884804625556
1.039110358948366,0.7906323597767116,0.28189379095081823,0.8314765974423708,-1.1402927141569899
1.0113251895041513,0.4041039600470392,-0.27881399831571196,0.8109934611355195,-1.3248984075490777
0.9501978167268784,0.3412538137495314,0.44441778783966773,1.0055832560506042,-1.609290962234186
0.9501978167268784,-0.23068251755778932,1.2570377722839154,0.7290609159081161,-1.5643868746523268
0.9085200625605564,0.49837917949330074,1.508949967461633,-0.7457248981851521,-0.6363690646272362
0.8890704439496068,0.6932146330155742,-0.6769977906933937,0.3193981897710971,-1.594322933040233
0.8001579017281193,-0.3909503906164342,1.3870569697949957,-0.039056695598794516,-1.379781181260239
0.7668156983950623,1.0703155108006208,-0.7176287899156062,0.3398813260779483,-0.571507604786773
0.6973527747845254,-0.18354490783465854,0.4687963873729961,1.3435550051136445,-0.5365822033342157
0.6362254020072536,0.25012110161814505,1.3708045701061105,1.538144800028729,-0.5465608894635179
0.625111334229567,-0.7397687025676021,0.7288347823951544,0.6368868025272876,-1.0355165097993182
0.5723195122855592,-0.438088000339565,0.4119129884618985,0.5447126891464578,-1.1652394294802448
0.5723195122855592,0.4480990624552941,-0.1894258000268452,0.6266452343738612,-1.1103566557690836
0.5445343428413445,0.44181404782554334,-0.5225999936489862,0.9441338471300518,-0.5066461449463094
0.46951438534196543,-0.38152286867180796,1.102639975239509,0.9953416878971791,-0.7012305244676997
0.46395735145312206,-0.7994763415502345,1.1351447746172783,-0.15171394528647414,-0.985623079152808
0.4611788345087004,0.5392317745866808,1.9071337598393134,0.23746564454369357,0.002266847648094855
0.4222795972868,0.7717773158874591,2.159045955017031,0.7495440522149672,0.4912224679838955
0.3194744703432062,0.25012110161814505,-0.4332117953601195,0.974858551590328,-0.002722495416556241
0.3194744703432062,0.16527340411650945,-0.4982213941156591,-1.3192527147769788,-0.8359427872132772
0.3139174364543628,0.17470092606113538,-0.8395217875822433,1.568869504489005,-0.4268166559118934
0.2861322670101481,-0.5700733075643312,0.7450871820840396,-0.4896856943495152,-0.5615289186574708
0.22778341117729806,-0.7114861367337237,0.13562219375085388,-0.3565453083549836,-0.8209747580193243
0.22222637728845468,0.6177944574585653,1.0538827761728535,-0.5101688306563658,0.6858068475052851
0.13053531812254657,0.058428155410746405,0.6231941844174025,0.8314765974423708,0.4014142928201769
0.13053531812254657,-0.5103656685816991,0.5581845856618629,-1.3294942829304035,0.3215848037857604
0.12219976728928257,0.47323912097429705,0.47692258721743813,0.5344711209930328,-0.8559001594718813
-0.016726079931790993,-0.3909503906164342,1.9233861595281987,2.1219141847739813,0.625934730729473
-0.022283113820634356,-0.30924520042967385,-0.4494641950490041,0.1145668267025876,0.17689385491088072
-0.1500948932640212,-0.5889283514535836,0.3306509900174738,-1.442151532618084,-0.12745607203283188
-0.18899413048592262,-0.6737760489552188,0.77759198146181,-0.7559664663385777,0.19685122716948475
-0.21400078298571565,-0.7334836879378513,0.8588539799062347,-0.9812809657139376,0.4014142928201769
-0.23900743548550868,0.020718067632241575,-1.9934421654930745,-1.0324888064810651,0.002266847648094855
-0.26123557104088,0.25326360893302025,0.9726207777284287,1.702009890483536,0.5710519570183117
-0.26401408798530174,-0.9314616487750008,-0.4250855955156769,-0.8891068523331085,0.07710699361786023
-0.36404069798447386,-0.8874665463667455,0.0624863951508717,-0.9812809657139376,0.7057642197638895
-0.3723762488177389,-1.0445919121105147,-0.051280402671322854,0.5139879846861817,0.7905830518629571
-0.3807117996510029,-0.8151888781246114,-0.3356973972268095,-1.2475617377030002,0.5161691833071507
-0.41127548603963926,-1.192289755909658,-1.0020457844710928,0.20674094008341742,-0.23223227639050312
-0.5307517146497621,-1.0383068974807639,-1.3108413785599067,0.6983362114478399,0.5411158986304058
-0.5696509518716625,-1.346272614338552,1.322047371039456,-1.216837033242724,0.9652100591257429
-0.5724294688160841,-1.1954322632245333,-1.2620841794932518,0.3193981897710971,0.3964249497555258
-0.6252212907600919,-0.3909503906164342,-1.5465011740487384,0.4013307349985006,0.61096670153552
-0.6446709093710421,-1.0288793755361378,0.04623399546198709,-1.442151532618084,0.5411158986304058
-0.7057982821483144,-1.1137270730377733,-0.1487948008046328,-0.028815127445368165,1.284528015263408
-0.7057982821483144,0.2124110138396402,0.39566058877301336,-0.684275489264599,0.8155297671862122
-0.8030463752030659,-1.0665894633146424,-1.985315965648632,0.29891505346424585,0.017234876842048143
-0.8086034090919088,-1.145152146186527,-0.5632309928711986,-0.5408935351166426,0.4712650957252911
-0.8586167140914953,-1.1482946535014025,0.021855395928659316,-0.9403146931002359,1.4791123947847984
-0.8891804004801311,-1.2080022924840348,-0.7663859889822605,-1.2578033058564257,0.6957855336345873
-0.8919589174245528,-1.1482946535014025,-1.7415299703153577,-2.1795444396647183,-0.29210439316631553
-0.9530862902018251,-1.2959924973005454,-0.40883319582679173,-0.5306519669632169,1.149815752517831
-0.9642003579795108,-1.2519973948922902,-2.3509949586485432,-0.8583821478728324,0.20682991329878694
-0.9697573918683536,-0.6737760489552188,-0.47384279458233186,0.05311741778203533,1.459155022526194
-0.9725359088127753,-1.1420096388716516,-0.8313955877378008,-2.036162485516762,1.0001354605783002
-1.0142136629790974,-1.3431301070236763,0.58256318519519,-2.2205107122784202,1.2496026138108514
-1.047555866312155,-1.0665894633146424,-0.10003760173797784,-0.7457248981851521,0.5959986723415668
-1.0586699340898407,-1.3337025850790505,-1.3758509773154464,0.1043252585491627,0.625934730729473
-1.0864551035340553,-1.167149697390655,-0.04315420282688027,1.2718640280396658,1.2496026138108514
-1.097569171311741,-1.1074420584080225,-1.075181583071075,-0.2029217860536015,1.4292189641382882
-1.1948172643664925,-1.0571619413700164,-1.229579380115482,-0.5716182395769187,1.1099010080006222
-1.2476090863105003,-1.226857336373287,-0.6607453910045086,-0.24388805866730398,1.9431212997973435
-1.3698638318650453,-1.4971129654525706,-0.595735792248969,-0.5306519669632169,0.8354871394448158
-1.4170986199202096,-1.2959924973005454,-0.5876095924045264,-0.7559664663385777,1.7734836355992092
-1.4754474757530607,-1.5253955312864491,-0.6444929913156234,-1.9951962129030594,1.6936541465647923
-1.5588029840857043,-1.2488548875774148,-2.253480560515234,-0.9505562612536615,1.613824657530376
1.300290951723983,0.5612293257908085,1.0295041766395263,1.4459706866478992,-1.4496319841653533
1.1363584520031174,0.2564061162478958,0.9482421781951015,0.9851001197437529,-1.2450689185146615
1.1002377317256378,0.36325136495365884,0.9157373788173323,1.0772742331245826,-1.9136408891778987
1.0835666300591098,0.7089271695899513,-0.3356973972268095,1.251380891732816,-1.3298877506137288
1.0613384945037374,-0.03898957135039069,1.2326591727505882,0.0223927133217592,-1.7140671665918576
1.0279962911706804,0.005005531057864891,1.0863875755506238,1.1592067783519862,-1.4945360717472127
0.9946540878376222,0.6712170818114471,0.249388991573049,0.8007518929820946,-1.1253246849630367
0.9501978167268784,0.19984098458013871,-0.32757119738236695,0.8109934611355195,-1.3298877506137288
0.9001845117272924,0.6052244281990634,0.38753438892857134,0.7393024840615423,-1.3498451228723327
0.8974059947828708,0.15898838948675834,0.4200391883063405,1.0158248242040289,-1.609290962234186
0.8835134100607633,-0.3752378540420572,1.2326591727505882,0.7188193477546911,-1.5294614731997698
0.8557282406165486,0.5298042526420544,-0.7420073894489333,0.3193981897710971,-1.589333589975582
0.8168290033946483,0.19984098458013871,1.508949967461633,-0.7457248981851521,-0.6563264368858402
0.7306949781175824,-0.5166506832114495,1.3464259705727832,-0.04929826375221941,-1.38477052432489
0.6862387070068398,0.234408565043768,1.3545521704172254,1.4869369592616015,-0.5615289186574708
0.6723461222847313,0.809487403665964,-0.7257549897600482,0.3501228942313732,-0.551550232528169
0.6695676053403107,-0.3155302150594249,0.4525439876841109,1.3435550051136445,-0.5315928602695646
0.5806550631188243,-0.4946531320073221,0.44441778783966773,0.5344711209930328,-1.180207458674198
0.5667624783967169,-0.8811815317369945,0.7288347823951544,0.6368868025272876,-1.0055804514114122
0.5028565886750235,-0.43180298570981424,1.0863875755506238,0.9953416878971791,-0.7012305244676997
0.49452103784175844,0.3066862332859018,-0.24630919893794218,0.6164036662204364,-1.0903992835104797
0.48618548700849445,0.28154617476689875,-0.5876095924045264,0.9646169834369016,-0.5116354880109606
0.48618548700849445,0.5140917160676775,1.9233861595281987,0.2579487808505448,-0.02267986767516027
0.4445077328421724,-0.9031790829411224,1.1595233741506066,-0.1721970815933254,-0.9756443930235059
0.39449442784258526,0.24697859430326985,-1.0670553832266325,1.5279032318753027,-0.406859283653289
0.3361455720097352,0.5140917160676775,2.175298354705916,0.7700271885218185,0.4912224679838955
0.3083604025655205,0.09613824318925088,-0.5388523933378715,-1.3192527147769788,-0.8209747580193243
0.24445451284382605,0.04900063346611975,-0.4657165947378893,0.9953416878971791,-0.012701181545858078
0.21389082645518964,-0.7177711513634742,0.6882037831729421,-0.5613766714234931,-0.5415715463988668
0.20555527562192671,-0.786906312290733,0.005602996239774708,-0.3770284446618348,-0.8559001594718813
0.19721972478866165,0.3129712479156525,0.8832325794395619,0.565195825453309,-0.8608895025365323
0.18610565701097495,-0.6014983807130851,0.6150679845729604,-1.1349044880153198,0.23676597168669317
0.1472064197890756,0.36325136495365884,1.110766175083951,-0.4896856943495152,0.6758281613759832
0.11942125034486088,-0.0829846737586459,0.5988155848840753,0.841718165595797,0.3864462636262239
-0.025061630765056034,-0.5480757563602034,1.8990075599948715,2.1219141847739813,0.6309240737941241
-0.04451124937600571,-0.4475155222841913,-0.4819689944267739,0.13504996300943883,0.18687254104018292
-0.1362023085419149,-0.6643485270105929,0.36315578939524296,-1.309011146623553,-0.11248804283887857
-0.23622891854108702,-0.8371864293287391,0.8588539799062347,-0.9915225338673632,0.41139297894947907
-0.3112488760404661,-0.23068251755778932,-1.9446849664264196,-0.8583821478728324,-0.007711838481206983
-0.31680590992930946,-1.022594360906387,-0.5713571927156412,-0.8788652841796829,0.08708567974716243
-0.32236294381815284,-0.7837638049758574,0.6800775833285,-0.9812809657139376,0.34653151910901553
-0.34736959631794584,-0.9126066048857484,0.054360195306429104,-0.9607978294070871,0.7057642197638895
-0.42238955381732496,-1.1702922047055302,-0.05940660251576545,0.5139879846861817,0.7706256796043527
-0.43072510465059,-0.9314616487750008,-0.3356973972268095,-1.2782864421632762,0.5311372125011036
-0.472402858816911,-1.2928499899856702,-1.0426767836933053,0.21698250823684231,-0.2472003055844564
-0.5446442993718694,-1.1702922047055302,-1.2458317798043672,0.6983362114478399,0.4762544387899422
-0.6224427738156713,-1.079159492574144,0.0624863951508717,-1.4011852600043821,0.5660626139536609
-0.6335568415933559,-1.3619851509129288,1.2570377722839154,-1.155387624322171,0.9801780883196959
-0.641892392426621,-1.3022775119302963,-1.327093778248792,0.2579487808505448,0.4014142928201769
-0.6780131127041003,-0.5795008295089573,-1.4977439749820833,0.44229700761220303,0.61096670153552
-0.714133832981579,0.0615706627256216,0.44441778783966773,-0.684275489264599,0.7855937087983056
-0.7530330702034799,-1.2739949460964177,-0.09191140189353524,-0.028815127445368165,1.2994960444573618
-0.7863752735365374,-1.2457123802625396,-0.5144737938045443,-0.5101688306563658,0.4513077234666871
-0.8641737479803382,-1.2142873071137856,-0.01877560329355307,-0.9505562612536615,1.469133708655496
-0.8780663327024455,-1.201717277854284,-0.6932501903822784,-1.2270786013961488,0.6608601321820303
-0.8975159513133957,-1.2142873071137856,-1.6846465714042607,-2.1385781670510164,-0.27713636397236263
-0.9558648071462462,-1.217429814428661,-0.7988907883600309,-2.025920917363336,0.95024202993179
-0.9642003579795108,-1.365127658227804,-2.3266163591152162,-0.807174307105705,0.20184057023413585
-1.0114351460346758,-0.8277589073841128,-0.4494641950490041,0.012151145168332855,1.4741230517201476
-1.0336632815900475,-1.3808401948021811,-0.29506639800459716,-0.5818598077303443,1.149815752517831
-1.0392203154788904,-1.3588426435980534,-1.4652391756043137,0.12480839485601394,0.625934730729473
-1.055891417145419,-1.427977804525312,0.5581845856618629,-2.159061303357867,1.1947198400996897
-1.0864551035340553,-1.2457123802625396,-0.04315420282688027,1.2308977554259648,1.2446132707462
-1.1531395102001705,-1.0383068974807639,-0.09191140189353524,-0.7354833300317264,0.61096670153552
-1.1698106118666995,-1.2299998436881625,-1.1808221810488269,-0.1721970815933254,1.4092615918796838
-1.2559446371437648,-1.160864682760904,-1.2133269804265967,-0.6228260803440461,1.1398370663885289
-1.3670853149206237,-1.5568206044352026,-0.5713571927156412,-0.5306519669632169,0.8404764825094673
-1.4032060351981024,-1.3588426435980534,-0.595735792248969,-0.7252417618783008,1.7535262633406048
-1.4504408232532673,-1.5725331410095797,-0.6444929913156234,-1.9542299402893577,1.6736967743061886
-1.6143733229741337,-1.3337025850790505,-2.2616067603596766,-0.807174307105705,1.5938672852717717
1.4725590022781145,0.972897784039484,0.996999377261757,1.4766953911081753,-1.4646000133593065
1.2780628161686116,0.6115094428288145,0.891358779284004,1.0158248242040289,-1.2600369477086144
1.266948748390926,0.7057846622750761,0.9401159783506595,1.0875158012780075,-1.9086515461132476
1.233606545057869,1.133165657098128,-0.4007069959823491,1.2718640280396658,-1.3199090644844267
1.1919287908915468,0.2689761455073969,1.2489115724394733,0.07360055408888656,-1.72404585272116
1.1363584520031174,1.0860280473749977,0.200631792506394,0.7700271885218185,-1.1253246849630367
1.10579476561448,0.275261160137148,1.0376303764839694,1.12848207389171,-1.4296746119067494
1.039110358948366,0.47323912097429705,-0.36007599676013674,0.7802687566752434,-1.3348770936783798
1.0279962911706804,0.4575265843999204,0.4119129884618985,1.138723642045135,-1.6192696483634883
0.9974326047820439,0.9289026816312285,-0.8232693878933581,0.30915662161767216,-1.5993122761048844
0.9668689183934075,-0.15840484931565557,1.2245329729061463,0.7802687566752434,-1.5294614731997698
0.9529763336713002,0.4920941648635496,1.5333285669949601,-0.7662080344920026,-0.6563264368858402
0.9501978167268784,0.9509002328353562,0.257515191417491,0.5242295528396065,-1.3199090644844267
0.869620825338656,1.1865882814510105,-0.7582597891378186,0.3501228942313732,-0.75112395511421
0.836278622005599,0.5832268769949356,1.3626783702616685,1.5176616637218778,-0.5764969478514241
0.8223860372834917,-0.2841051419106708,1.313921171195013,-0.04929826375221941,-1.369802495130937
0.8084934525613843,0.04585812615124456,0.40378678861745537,1.3025887324999434,-0.5315928602695646
0.6445609528405177,-0.06412962986939368,1.0863875755506238,0.9851001197437529,-0.7211878967263038
0.641782435896096,-0.6832035708998452,0.671951383484058,0.6471283706807125,-0.990612422217459
0.6223328172851463,-0.30924520042967385,0.4525439876841109,0.6368868025272876,-1.180207458674198
0.6195543003407236,0.6366495013478175,-0.6201143917822962,0.9338922789766255,-0.5066461449463094
0.583433580063246,0.6115094428288145,-0.32757119738236695,0.5754373936067338,-1.0754312543165265
0.583433580063246,0.7434947500535809,1.9315123593726418,0.30915662161767216,-0.03265855380446211
0.5500913767301878,-0.6612060196957174,1.200154373372819,-0.1619555134399005,-0.9556870207649019
0.48062845311965,0.5298042526420544,-1.0995601826044021,1.4869369592616015,-0.39688059752398713
0.4195010803423794,0.7906323597767116,2.037152957350394,0.8007518929820946,0.4762544387899422
0.4195010803423794,0.43238652588091736,-0.5388523933378715,-1.370460555544106,-0.7760706704374651
0.3472596397874209,0.3506813356941573,-0.5307261934934289,1.0055832560506042,-0.012701181545858078
0.3389240889541569,0.715212184219702,0.9157373788173323,0.5549542572998827,-0.8509108164072305
0.3278100211764702,-0.43494549302468943,0.7044561828618272,-0.5511351032700682,-0.5615289186574708
0.31669595339878553,-0.5323632197858266,0.013729196084216723,-0.3360621720481331,-0.8808468747951363
0.2805752331213058,0.7309247207940791,1.1513971743061635,-0.4896856943495152,0.6708388183113322
0.21389082645518964,-0.3532403028379294,0.5500583858174208,-1.4011852600043821,0.3265741468504115
0.18610565701097495,0.22183853578426616,0.5500583858174208,0.8314765974423708,0.3664888913676199
0.047179809789902424,-0.21496998098341227,-0.5144737938045443,0.1145668267025876,0.18687254104018292
0.02217315729010835,-0.3218152296891757,1.8665027606171012,2.1219141847739813,0.7157429058931917
0.01661612340126708,-0.26839260533629417,0.7369609822395976,-0.807174307105705,0.21680859942808914
-0.06396086798695642,-0.5197931905263251,0.37128198923968614,-1.2578033058564257,-0.12246672896818077
-0.15565192715286455,0.13384833096775536,-1.8959277673597652,-0.81741587525913,-0.017690524610509174
-0.16676599493055022,-0.6423509758064652,0.8182229806840223,-0.971039397560512,0.41139297894947907
-0.25845705409645836,-0.7083436294188483,0.013729196084216723,-0.9505562612536615,0.6957855336345873
-0.2834637065962524,-0.9063215902559976,-0.6932501903822784,-0.8583821478728324,0.07710699361786023
-0.3418125624291025,-0.7680512684014806,-0.27068779847126995,-1.1656291924755966,0.5261478694364525
-0.4029399352063753,-0.9408891707196269,-1.2052007805821547,0.7290609159081161,0.406403635884828
-0.4251680707617466,-1.1200120876675241,-0.06753280236020805,0.5242295528396065,0.7556576504103997
-0.4751813757613327,-1.2080022924840348,-1.0182981841599774,0.278431917157396,-0.25717899171375824
-0.5085235790943907,-1.1765772193352808,1.1839019736839338,-1.1758707606290215,0.9452526868671385
-0.5724294688160841,-1.1545796681311533,-1.4896177751376414,0.37060603053822444,0.391435606690875
-0.5946576043714565,-0.4160904491354372,-1.3677247774710042,0.45253857576562795,0.5860199862122649
-0.6141072229824063,0.3161137552305277,0.44441778783966773,-0.6433092166508974,0.7855937087983056
-0.6168857399268279,-0.9660292292386301,0.04623399546198709,-1.349977419237255,0.625934730729473
-0.6891271804817859,-1.2802799607261686,-0.4413379952045615,-0.9403146931002359,1.0200928328369039
-0.6974627313150504,-1.1137270730377733,-0.40883319582679173,-0.469202558042664,0.41638232201413017
-0.7085767990927361,-1.1702922047055302,-0.10816380158242042,-0.008331991138518383,1.2945067013927103
-0.7641471379811655,-0.9848842731278822,-0.652619191160066,-1.1656291924755966,0.625934730729473
-0.7891537904809586,-0.5920708587684588,-0.4657165947378893,0.001909577014907963,1.1348477233238774
-0.8280530277028594,-1.0414494047956393,-0.1650472004935174,-1.0120056701742146,1.4641443655908455
-0.8308315446472806,-0.7649087610866052,-0.15692100064907483,-2.056645621823612,1.5290058254313086
-0.8586167140914953,-1.1545796681311533,-1.5871321732709507,-2.056645621823612,-0.27713636397236263
-0.88640188353571,-1.0728744779443933,-0.8313955877378008,-1.9439883721359321,0.9452526868671385
-0.9002944682578173,-1.2802799607261686,-2.285985359893004,-0.807174307105705,0.17190451184622962
-0.9808714596460398,-1.2959924973005454,0.5338059861285357,-2.1385781670510164,1.1947198400996897
-0.9975425613125684,-1.2457123802625396,-1.5302487743598538,0.15553309931629006,0.6309240737941241
-1.0030995952014117,-0.9785992584981317,-0.05940660251576545,-0.6740339211111734,0.5710519570183117
-1.022549213812362,-1.3179900485046734,-0.25443539878238475,-0.6228260803440461,1.1647837817117839
-1.0670054849231052,-1.160864682760904,-0.035028002982437675,1.2206561872725386,1.2545919568755022
-1.0920121374228986,-1.1074420584080225,-1.229579380115482,-0.1721970815933254,1.404272248815033
-1.11424027297827,-1.0508769267402653,-0.652619191160066,-0.30533746758785624,1.9431212997973435
-1.267058704921451,-1.1420096388716516,-1.1808221810488269,-0.5818598077303443,1.149815752517831
-1.3615282810317801,-1.4908279508228195,-0.5876095924045264,-0.5408935351166426,0.8404764825094673
-1.3726423488094663,-1.2299998436881625,-0.5632309928711986,-0.6945170574180247,1.7535262633406048
-1.3754208657538876,-1.478257921563318,-0.6282405916267388,-1.9132636676756558,1.658728745112235
-1.6393799754739269,-1.267709931466667,-2.2941115597374466,-0.971039397560512,1.6238033436596784
1.5475789597774938,1.497696505623674,1.3626783702616685,0.9851001197437529,-1.544429502393723
1.5225723072777007,0.9823253059841099,1.0213779767950844,1.4459706866478992,-1.4695893564239575
1.4475523497783216,0.9760402913543592,0.9157373788173323,1.0465495286643065,-1.2799943199672186
1.4253242142229492,1.5416916080319296,-0.4819689944267739,1.2411393235793897,-1.3049410352904736
1.316962053390512,0.7057846622750761,0.9807469775728719,1.138723642045135,-1.9136408891778987
1.2530561636688187,0.44181404782554334,1.1839019736839338,0.09408369039573636,-1.72404585272116
1.1169088333921668,0.5580868184759327,0.4362915879952257,1.169448346505411,-1.6142803052988373
1.0807881131146881,1.0734580181154962,0.15187459343973905,0.6880946432944149,-1.1103566557690836
1.0752310792258446,0.20612599920988947,0.9807469775728719,1.0772742331245826,-1.4047278965834942
1.039110358948366,0.517234223382553,-0.4657165947378893,0.7495440522149672,-1.3199090644844267
0.9724259522822508,1.5825442031253096,1.947764759061526,0.4115723031519269,-0.12246672896818077
0.9557548506157219,-0.25582257607679265,1.200154373372819,0.841718165595797,-1.594322933040233
0.9557548506157219,0.8660525353337206,0.2656413912619342,0.5959205299135851,-1.3099303783551246
0.9529763336713002,0.8283424475552165,-0.807016988204473,0.3193981897710971,-1.6142803052988373
0.9335267150603505,0.275261160137148,0.3143985903285886,1.2718640280396658,-0.5615289186574708
0.9224126472826638,0.7089271695899513,1.3545521704172254,1.5176616637218778,-0.5615289186574708
0.9085200625605564,0.3223987698602788,1.5577071665282873,-0.7662080344920026,-0.6762838091444446
0.8140504864502266,-0.33438525894867716,1.2732901719728005,-0.059539831905645754,-1.374791838195588
0.7723727322839046,0.9854678132989859,-0.7745121888267031,0.32963975792452344,-0.7311665828556057
0.7056883256177894,0.7654923012577087,-0.6282405916267388,0.9031675745163493,-0.49666745881700763
0.6779031561735747,0.042715618836369366,1.0620089760172966,1.0055832560506042,-0.75112395511421
0.6779031561735747,1.0420329449667425,-0.3844545962934645,0.5242295528396065,-1.0704419112518755
0.6556750206182034,-0.40352041987593573,0.5094273865952085,0.7905103248286697,-1.2750049769025675
0.6473394697849383,-0.4946531320073221,1.208280573217261,-0.2029217860536015,-0.9457083346355999
0.633446885062832,-0.6486359904362159,0.5988155848840753,0.6573699388341374,-0.965665706894204
0.4556218006198581,0.5580868184759327,-0.6363667914711814,1.0055832560506042,-0.027669210739811365
0.4500647667310147,0.9289026816312285,2.0046481579726234,0.8212350292889459,0.4812437818545933
0.4195010803423794,0.8189149256105899,0.9482421781951015,0.5549542572998827,-0.8658788456011834
0.36948777534279226,0.3475388283792818,-1.2620841794932518,1.4664538229547504,-0.406859283653289
0.3555951906206849,-0.5889283514535836,0.029981595773101905,-0.25412962682072887,-0.9157722762476936
0.34170260589857754,0.20926850652476503,-0.5713571927156412,-1.4011852600043821,-0.7660919843081629
0.3083604025655205,-0.463228058858568,0.6800775833285,-0.5716182395769187,-0.586475633980726
0.30002485173225546,0.7780623305172099,1.1595233741506066,-0.45896098988923834,0.645892102988077
0.24445451284382605,-0.4412305076544402,0.6313203842618457,-1.186112328782447,0.24175531475134426
0.19444120784424,0.15584588217188314,0.5419321859729777,0.8212350292889459,0.3714782344322706
0.12219976728928257,-0.21182747366853708,1.850250360928217,2.080947912160279,0.7257215920224939
-0.05840383409811306,-0.3312427516338016,-0.595735792248969,0.1043252585491627,0.20184057023413585
-0.08896752048674945,-0.48208310274782024,0.40378678861745537,-1.1656291924755966,-0.12745607203283188
-0.2001081982636083,-0.24639505413216636,0.5500583858174208,-1.1349044880153198,0.4862331249192444
-0.23067188465224364,-0.09869721033302295,-1.863422967981995,-0.8993484204865342,-0.07257329832167052
-0.23067188465224364,-0.6203534246023376,0.5175535864396504,-0.9403146931002359,0.406403635884828
-0.27790667270740804,-0.6926310928444713,-0.3113187976934823,-1.0632135109413419,0.4912224679838955
-0.28902074048509474,-0.6800610635849698,0.038107795617544495,-0.9095899886399598,0.6708388183113322
-0.3418125624291025,-0.9471741853493777,-0.7420073894489333,-0.8686237160262573,0.07211765055320914
-0.34736959631794584,-0.8623264878477421,-1.2214531802710393,0.7290609159081161,0.3964249497555258
-0.4168325199284816,0.24697859430326985,-0.4657165947378893,-0.008331991138518383,1.1298583802592266
-0.46406730798364704,-1.2551399022071654,-1.075181583071075,0.23746564454369357,-0.27713636397236263
-0.4946309943722834,-0.2872476492255464,-1.2620841794932518,0.45253857576562795,0.5910093292769161
-0.5279731977053405,-0.8466139512733653,0.054360195306429104,-1.3602189873906805,0.645892102988077
-0.5307517146497621,-1.0980145364633962,-1.5465011740487384,0.32963975792452344,0.3964249497555258
-0.5529798502051335,-1.2739949460964177,-0.08378520204909265,0.5139879846861817,0.7357002781517953
-0.5613154010383985,-1.365127658227804,1.102639975239509,-1.1451460561687454,0.9352740007378363
-0.5724294688160841,0.4166739893065403,0.47692258721743813,-0.6945170574180247,0.8704125408973732
-0.6141072229824063,-1.2551399022071654,-0.40883319582679173,-0.8583821478728324,0.9751887452550451
-0.6696775618708357,-1.1262971022972748,-0.3844545962934645,-0.469202558042664,0.3714782344322706
-0.714133832981579,-1.1420096388716516,-0.17317340033796,-0.08002296821249553,1.2895173583280595
-0.7585901040923226,-1.013166838961761,-0.6282405916267388,-1.0734550790947668,0.5959986723415668
-0.8141604429807521,-1.0980145364633962,-2.0503255644041722,0.3398813260779483,0.02721356297134998
-0.8224959938140161,-1.0351643901658885,-0.17317340033796,-1.0324888064810651,1.4541656794615432
-0.8280530277028594,-1.1388671315567764,-1.4896177751376414,-2.005437781056485,-0.29709373623096663
-0.8502811632582308,-1.2299998436881625,0.58256318519519,-1.9542299402893577,1.1797518109057368
-0.894737434368974,-1.1262971022972748,-0.6932501903822784,-1.9747130765962089,0.9452526868671385
-0.9253011207576104,-0.746053717197353,-0.3925807961379071,-2.8145216651770975,1.5339951684959594
-0.9836499765904609,-1.2959924973005454,-2.2697329602041187,-0.7969327389522795,0.1669151687815789
-1.005878112145833,-0.8277589073841128,-0.035028002982437675,-0.59210137588377,0.5211585263718014
-1.0086566290902546,-1.387125209431932,-0.221930599404615,-0.6330676484974717,1.1647837817117839
-1.0142136629790974,-1.264567424151792,-1.6115107728042786,0.1862578037765662,0.6359134168587752
-1.0142136629790974,-1.0288793755361378,-1.4327343762265439,-0.15171394528647414,1.3942935626857307
-1.0419988324233116,-1.186004741279907,-0.002523203604667884,1.2206561872725386,1.2496026138108514
-1.1586965440890133,-1.1482946535014025,-0.6282405916267388,-0.28485433128100573,1.9530999859266458
-1.180924679644385,-1.3525576289683026,-0.5876095924045264,-0.5306519669632169,0.8404764825094673
-1.1892602304776496,-1.04773441942539,-1.1483173816710572,-0.59210137588377,1.1298583802592266
-1.3393001454764089,-1.4719729069335674,-0.6282405916267388,-1.8722973950619541,1.6487500589829334
-1.4754474757530607,-1.267709931466667,-0.5632309928711986,-0.6740339211111734,1.7585156064052554
-1.6143733229741337,-1.258282409522041,-2.3022377595818893,-1.0120056701742146,1.5988566283364232
1.5920352308882375,1.233725891174141,0.9401159783506595,1.169448346505411,-1.3298877506137288
1.536464891999808,1.1457356863576305,0.996999377261757,1.3845212777273468,-1.4496319841653533
1.5059012056111716,1.5762591884955586,1.2407853725950313,0.9031675745163493,-1.5344508162644208
1.486451587000222,1.8402298029450912,0.30627239048414656,0.9543754152834767,-1.4196959257774473
1.419767180334107,0.9509002328353562,0.9807469775728719,1.169448346505411,-1.9136408891778987
1.3364116720014627,0.6775020964411975,1.1351447746172783,0.13504996300943883,-1.7539819111090658
1.2891768839462985,0.7120696769048268,0.9401159783506595,1.1796899146588373,-1.4396532980360512
1.2586131975576609,1.2462959204336435,1.5577071665282873,-0.7662080344920026,-0.6563264368858402
1.2113784095024966,1.3311436179352791,-0.5388523933378715,0.9851001197437529,-1.2450689185146615
1.2030428586692314,0.8314849548700917,0.4362915879952257,1.12848207389171,-1.6292483344927902
1.1002377317256378,1.227440876544391,0.10311739437308408,0.6368868025272876,-1.0754312543165265
1.0363318420039442,0.7686348085725839,-0.5632309928711986,0.5447126891464578,-1.3049410352904736
1.0252177742262587,1.0011803498733625,1.2814163718172438,1.4971785274150264,-0.5565395755928197
1.0113251895041513,1.0263204083923656,-0.7826383886711458,0.29891505346424585,-1.6142803052988373
1.0085466725597296,1.7239570322947022,1.9315123593726418,0.4013307349985006,-0.10749869977422748
0.9557548506157219,0.43867154051066815,0.257515191417491,1.251380891732816,-0.5365822033342157
0.9251911642270855,1.4819839690492969,-0.8232693878933581,0.29891505346424585,-0.7112092105970016
0.9029630286717141,-0.2243975029280386,1.118892374928394,0.8622013019026469,-1.6192696483634883
0.8307215881167567,-0.21496998098341227,1.1920281735283758,-0.039056695598794516,-1.379781181260239
0.7807082831171696,1.7302420469244526,1.955890958905969,0.8314765974423708,0.4812437818545933
0.7501445967285342,0.9540427401502318,-0.652619191160066,0.8622013019026469,-0.49666745881700763
0.6779031561735747,-0.529220712470951,0.5988155848840753,0.5959205299135851,-0.985623079152808
0.6723461222847313,0.10242325781900162,0.996999377261757,1.0055832560506042,-0.75112395511421
0.6612320545070467,-0.3878078833015587,1.1595233741506066,-0.182438649746751,-0.9157722762476936
0.6362254020072536,1.0546029742262437,-0.4413379952045615,0.48326328022590553,-1.0604632251225734
0.6139972664518812,-0.37209534672718164,0.47692258721743813,0.7700271885218185,-1.2301008893207084
0.49729955478618015,0.8157724182957147,-0.8313955877378008,0.974858551590328,-0.012701181545858078
0.41116552950911434,0.8503399987593436,0.7857181813062519,0.5344711209930328,-0.8608895025365323
0.40560849562027096,0.44181404782554334,-0.5713571927156412,-1.4216683963112335,-0.7760706704374651
0.4000514617314297,0.5549443111610575,-1.335219978093234,1.4050044140341982,-0.37193388220073204
0.3833803600648996,-0.4915106246924465,0.09499119452864149,-0.3360621720481331,-0.9407189915709488
0.34448112284300025,1.0483179595964933,1.1595233741506066,-0.45896098988923834,0.645892102988077
0.2861322670101481,-0.3846653759866835,0.6069417847285172,-0.5716182395769187,-0.6014436631746792
0.25279006367709106,-0.43180298570981424,0.6069417847285172,-1.124662919861894,0.246744657815995
0.2500115467326694,0.3758213942131603,0.5094273865952085,0.8007518929820946,0.3515208621736666
0.2333404450661414,0.08671072124462458,1.842124161083774,2.070706344006854,0.7257215920224939
0.04162277590106011,-0.06412962986939368,-0.652619191160066,0.06335898593546022,0.21680859942808914
0.013837606456845397,-0.14269231274127853,0.7857181813062519,-0.8276574434125555,0.20682991329878694
-0.14175934243075616,-0.48522561006269577,0.40378678861745537,-1.155387624322171,-0.13244541509748262
-0.18065857965265758,-0.504080653951948,0.5581845856618629,-0.9403146931002359,0.406403635884828
-0.21677929993013734,-0.544933249045328,0.07061259499531429,-0.9198315567933847,0.6658494752466814
-0.22233633381897966,-0.9471741853493777,-1.12393878213773,0.278431917157396,-0.3220404515542218
-0.3001348082627815,-0.6266384392320881,-0.32757119738236695,-1.1041797835550435,0.5111798402424995
-0.3001348082627815,-0.8371864293287391,-0.6607453910045086,-0.8378990115659811,0.062138964423907296
-0.3445910793735242,-0.786906312290733,-1.2620841794932518,0.6983362114478399,0.406403635884828
-0.3723762488177389,-0.08926968838839701,-1.1401911818266146,0.44229700761220303,0.5660626139536609
-0.4001614182619536,0.8849075792229733,0.5094273865952085,-0.6125845121906205,0.8704125408973732
-0.4835169265945977,-0.9911692877576331,-1.6683941717153756,0.39108916684507566,0.4014142928201769
-0.5557583671495552,-1.1797197266501565,-0.10003760173797784,0.5447126891464578,0.7357002781517953
-0.5668724349272418,-1.0100243316468855,-0.3925807961379071,-0.47944412619608956,0.34653151910901553
-0.5779865027049276,-1.339987599708801,1.0538827761728535,-1.1144213517084693,0.8704125408973732
-0.5974361213158772,-0.1238372688520263,-0.4657165947378893,-0.059539831905645754,1.1298583802592266
-0.6113287060379846,-0.9094640975708731,0.054360195306429104,-1.380702123697531,0.6858068475052851
-0.6279998077045136,-0.9597442146088793,-0.17317340033796,-0.08002296821249553,1.2994960444573618
-0.6863486635373642,-1.0100243316468855,-1.4246081763821012,-1.9030220995222302,-0.29210439316631553
-0.7419190024257937,-0.5637882929345804,-0.29506639800459716,-2.077128758130464,1.5389845115606107
-0.7474760363146364,-0.9566017072940038,-0.6363667914711814,-1.0734550790947668,0.5860199862122649
-0.7891537904809586,-0.9974543023873841,-2.0665779640930566,0.32963975792452344,0.04717093522995401
-0.8169389599251732,-0.9534591999791283,-0.1650472004935174,-1.0632135109413419,1.4641443655908455
-0.8280530277028594,-1.1482946535014025,0.574436985350748,-1.9337468039825072,1.1747624678410862
-0.9141870529799248,-1.0980145364633962,-0.6444929913156234,-2.036162485516762,0.9452526868671385
-0.9503077732574035,-1.2519973948922902,-2.253480560515234,-0.7662080344920026,0.1669151687815789
-1.0114351460346758,-0.8686115024774931,-0.035028002982437675,-0.6125845121906205,0.5261478694364525
-1.0364417985344692,-1.387125209431932,-0.27881399831571196,-0.6330676484974717,1.1597944386471324
-1.0392203154788904,-0.981741765813007,-1.5627535737376235,-0.13123080897962291,1.3743361904271272
-1.055891417145419,-1.1231545949823996,-1.4733653754487561,-0.3975115809686861,0.9402633438024878
-1.0614484510342623,-1.1765772193352808,-1.7334037704709158,0.22722407639026868,0.6359134168587752
-1.0808980696452124,-1.1105845657228979,0.013729196084216723,1.251380891732816,1.2446132707462
-1.1503609932557493,-1.2897074826707948,-0.5713571927156412,-0.5306519669632169,0.8354871394448158
-1.161475061033435,-0.9566017072940038,-1.12393878213773,-0.59210137588377,1.1348477233238774
-1.3504142132540946,-1.4656878923038166,-0.6769977906933937,-1.851814258755103,1.6387713728536313
-1.3920919674204166,-1.1640071900757794,-0.45759039489344666,-0.6535507848043229,1.7335688910820004
-1.4032060351981024,-1.4405478337848134,-0.595735792248969,-0.25412962682072887,1.948110642861995
-1.6004807382520265,-1.1702922047055302,-2.334742558959659,-1.0017641020207888,1.5988566283364232
1.6865048069985673,2.03192274915249,0.39566058877301336,1.1899314828122622,-1.409717239648145
1.6865048069985673,1.2054433253402634,1.0295041766395263,1.3230718688067933,-1.4196959257774473
1.436438282000635,1.0011803498733625,1.1270185747728363,0.15553309931629006,-1.7290351957858106
1.4225456972785275,0.891192593852724,0.996999377261757,1.3025887324999434,-1.4196959257774473
1.3530827736679907,0.7937748670915868,1.005125577106199,1.2104146191191136,-1.923619575307201
1.2891768839462985,1.3280011106204028,1.1351447746172783,0.7905103248286697,-1.4546213272300044
1.2613917145020836,1.1834457741361348,1.5658333663727304,-0.684275489264599,-0.6812731522090953
1.2197139603357616,0.5360892672718048,0.9157373788173323,1.107998937584859,-1.4596106702946554
1.1780362061694396,0.6963571403304502,0.5175535864396504,1.1182405057382838,-1.6142803052988373
1.064117011448159,0.47323912097429705,0.249388991573049,1.2104146191191136,-0.6812731522090953
1.0279962911706804,-0.18354490783465854,1.1676495739950485,1.0465495286643065,-1.6591843928806964
1.0168822233929935,0.9948953352436118,0.07061259499531429,0.6266452343738612,-1.0654525681872244
1.0029896386708863,0.809487403665964,1.2976687715061277,1.425487550341048,-0.5665182617221219
0.9835400200599366,0.8409124768147176,-0.7501335892933759,0.28867348531082093,-1.6192696483634883
0.9557548506157219,1.554261637291431,1.9721433585948542,0.4013307349985006,-0.13244541509748262
0.9335267150603505,1.544834115346805,-0.8395217875822433,0.2579487808505448,-0.6912518383383975
0.8751778592274994,0.5895118916246868,-0.6688715908489512,0.4115723031519269,-1.2301008893207084
0.8307215881167567,-0.2809626345957956,1.1920281735283758,0.07360055408888656,-1.3997385535188431
0.7557016306173755,1.6233967982186897,1.9965219581281815,0.8007518929820946,0.4812437818545933
0.7529231136729548,-0.5889283514535836,0.6638251836396148,0.6778530751409886,-1.0754312543165265
0.7306949781175824,0.6523620379221946,-0.6363667914711814,0.5856789617601602,-1.1053673127044326
0.6890172239512614,0.809487403665964,-0.652619191160066,0.8212350292889459,-0.5016568018816587
0.6362254020072536,-0.020134527461138092,0.9807469775728719,0.974858551590328,-0.7561132981788607
0.616775783396303,-0.4412305076544402,1.0376303764839694,-0.12098924082619801,-0.9407189915709488
0.583433580063246,-0.43180298570981424,0.46067018752855293,0.8212350292889459,-1.180207458674198
0.4722929022863871,0.6963571403304502,-0.8151431880489155,0.974858551590328,-0.03265855380446211
0.4722929022863871,0.7026421549602009,-0.4819689944267739,0.4115723031519269,-1.0255378236700161
0.3833803600648996,0.36010885763878325,-0.5876095924045264,-1.4114268281578077,-0.7810600135021158
0.3833803600648996,0.4072464673619144,-1.2783365791821368,1.3435550051136445,-0.37692322526538313
0.3833803600648996,0.5455167892164315,1.2814163718172438,0.5344711209930328,-0.8658788456011834
0.3667092583983716,-0.5732158148792068,0.12749599390641186,-0.30533746758785624,-0.970655049958855
0.3139174364543628,0.947757725520481,1.1839019736839338,-0.43847785358238783,0.6409027599234263
0.24445451284382605,-0.544933249045328,0.6150679845729604,-0.6125845121906205,-0.6513370938211895
0.21666934339961133,0.24383608698839393,0.5419321859729777,0.8109934611355195,0.33156348991506257
0.19721972478866165,-0.5009381466370728,0.5094273865952085,-1.0632135109413419,0.2567233439452972
0.15276345367791896,-0.023277034776014005,1.850250360928217,2.070706344006854,0.7307109350871446
0.02495167423453107,-0.14897732737102928,-0.6851239905378358,0.0223927133217592,0.21181925636343804
0.005502055623580357,-0.27153511265116936,0.7857181813062519,-0.6945170574180247,0.21181925636343804
-0.03617569854274171,0.47009661365942185,1.102639975239509,1.7737008675575145,0.5910093292769161
-0.08896752048674945,-0.8780390244221191,-1.0589291833821899,0.29891505346424585,-0.37692322526538313
-0.21677929993013734,-0.632923453861839,0.4119129884618985,-1.1758707606290215,-0.12246672896818077
-0.22233633381897966,-0.6077833953428359,0.11124359421752666,-0.8993484204865342,0.6708388183113322
-0.26401408798530174,-0.6612060196957174,0.4931749869063233,-0.9505562612536615,0.426361008143432
-0.26957112187414506,1.2054433253402634,0.5094273865952085,-0.7764496026454282,0.8754018839620246
-0.29179925742951646,-0.8528989659031162,-0.6201143917822962,-0.8686237160262573,0.06712830748855839
-0.3390340454846808,-0.7303411806229761,-0.29506639800459716,-1.1144213517084693,0.5161691833071507
-0.4001614182619536,-0.900036575626247,-1.2377055799599246,0.7085777796012648,0.406403635884828
-0.4446176893726963,-0.33752776626355274,-1.0345505838488627,0.44229700761220303,0.5560839278243587
-0.4890739604834411,-0.529220712470951,-0.09191140189353524,-1.4011852600043821,1.2645706430048045
-0.5446442993718694,-1.0288793755361378,-1.774034769693128,0.22722407639026868,0.41638232201413017
-0.5863220535381916,-1.1325821169270256,-0.10816380158242042,0.5549542572998827,0.7157429058931917
-0.6224427738156713,-1.0257368682212624,-1.0182981841599774,-1.8415726906016774,-0.29709373623096663
-0.6279998077045136,-1.1074420584080225,-0.4250855955156769,-0.5101688306563658,0.2816700592685523
-0.641892392426621,-1.0571619413700164,-0.1487948008046328,-0.059539831905645754,1.2895173583280595
-0.6474494263154638,-0.21496998098341227,-0.4494641950490041,-0.04929826375221941,1.1198796941299245
-0.6502279432598855,-1.3619851509129288,1.0295041766395263,-1.1451460561687454,0.8903699131559776
-0.7308049346481079,-1.0571619413700164,0.029981595773101905,-1.380702123697531,0.7157429058931917
-0.8113819260363304,-1.0885870145187702,-2.0421993645597296,0.2681903490039697,0.032202906036001074
-0.8336100615917017,-1.0257368682212624,-0.1487948008046328,-1.0836966472481924,1.459155022526194
-0.8586167140914953,-1.2551399022071654,0.58256318519519,-1.8620558269085286,1.149815752517831
-0.8919589174245528,-1.1734347120204056,-0.6444929913156234,-1.0632135109413419,0.5810306431476139
-0.9058515021466602,-1.2739949460964177,-2.2128495612930217,-0.7252417618783008,0.12700042426437047
-0.9642003579795108,-1.1734347120204056,-0.6688715908489512,-2.077128758130464,0.95024202993179
-0.9780929427016182,-0.8906090536816207,-0.06753280236020805,-0.5818598077303443,0.5161691833071507
-0.9975425613125684,-1.1797197266501565,-1.457112975759871,-0.4282362854289622,0.9402633438024878
-1.055891417145419,-1.4625453849889412,-0.3194449975379243,-0.6330676484974717,1.1548050955824818
-1.117018789922691,-1.2771374534112934,-1.7821609695375702,0.2579487808505448,0.625934730729473
-1.1197973068671134,-1.0885870145187702,-1.6115107728042786,-0.21316335420702712,1.3394107889745699
-1.1920387474220713,-1.1137270730377733,-0.6119881919378536,-0.5408935351166426,1.1298583802592266
-1.317072009921037,-1.3776976874873057,-0.5713571927156412,-0.5204103988097913,0.845465825574118
-1.3920919674204166,-1.201717277854284,-0.4250855955156769,-0.59210137588377,1.6886648035001415
-1.411541586031367,-1.6071007214732091,-0.6607453910045086,-1.8415726906016774,1.6238033436596784
-1.6421584924183485,-1.2739949460964177,-2.3266163591152162,-0.9607978294070871,1.6287926867243292
-1.717178449917728,-1.4751154142484426,-0.8882789866488977,-1.370460555544106,1.2545919568755022
1.8865580269969127,2.5252963975879257,0.36315578939524296,1.0875158012780075,-1.4246852688420981
1.6420485358878236,1.0923130620047485,1.0213779767950844,1.3537965732670707,-1.4246852688420981
1.5420219258886514,1.2745784862675213,1.0945137753950658,0.14529153116286372,-1.72404585272116
1.5059012056111716,1.0923130620047485,1.0213779767950844,1.2616224598862409,-1.4196959257774473
1.4169886633896853,0.9037626231122254,1.0213779767950844,1.1899314828122622,-1.9136408891778987
1.3225190872793553,1.2902910228418982,1.6145905654393848,-0.47944412619608956,-0.5964543201100282
1.3141835364460903,1.5825442031253096,1.102639975239509,0.7085777796012648,-1.4047278965834942
1.2447206128355537,0.8283424475552165,0.5094273865952085,1.0260663923574553,-1.584344246910931
1.1697006553361744,0.49837917949330074,0.77759198146181,1.1182405057382838,-1.4246852688420981
1.130801418114274,0.014433053002490828,1.2245329729061463,1.0875158012780075,-1.6791417651393004
1.0613384945037374,0.972897784039484,1.322047371039456,1.3947628458807717,-0.586475633980726
1.030774808115101,1.0200353937626148,-0.002523203604667884,0.6164036662204364,-1.0554738820579224
1.030774808115101,0.3035437259710266,0.21688419219527863,1.2206561872725386,-0.7361559259202567
0.9890970539487789,0.8189149256105899,-0.7745121888267031,0.29891505346424585,-1.6292483344927902
0.9613118845045642,1.6453943494228178,-0.8476479874266853,0.1964993719299911,-0.6613157799504913
0.9446407828380362,-0.016992020146262898,1.1920281735283758,0.08384212224231145,-1.394749210454192
0.8057149356169626,0.7686348085725839,-0.7176287899156062,0.20674094008341742,-1.1103566557690836
0.7362520120064259,1.849657324889718,1.858376560772659,0.6778530751409886,0.5061904971778485
0.7112453595066328,-0.21182747366853708,0.4931749869063233,0.8929260063629244,-1.170228772544896
0.6862387070068398,-0.6926310928444713,0.6231941844174025,0.7188193477546911,-1.0804205973811776
0.6834601900624181,-0.3312427516338016,1.0457565763284113,-0.059539831905645754,-0.9506976777002508
0.6779031561735747,0.7874898524618361,-0.6688715908489512,0.4218138713053518,-1.0454951959286205
0.6723461222847313,-0.1144097469074,0.9807469775728719,1.0055832560506042,-0.7760706704374651
0.6612320545070467,0.947757725520481,1.8908813601504295,0.3603644623847995,-0.06758395525701942
0.5973261647853523,1.0828855400601225,1.2489115724394733,0.5037464165327553,-0.8509108164072305
0.5806550631188243,0.6775020964411975,-0.6932501903822784,0.8007518929820946,-0.49167811575235654
0.47507141923080876,0.6963571403304502,-0.8395217875822433,0.9851001197437529,-0.03265855380446211
0.43617218200890734,1.1488781936725052,0.9726207777284287,-0.5408935351166426,0.6858068475052851
0.4028299786758503,0.4229590039362911,-0.6201143917822962,-1.4216683963112335,-0.8060067288253709
0.37504480923163563,0.36010885763878325,1.8014931618615615,2.080947912160279,0.6758281613759832
0.36393074145394994,-0.5229356978412006,0.11936979406196926,-0.3155790357412819,-0.9756443930235059
0.3500381567318415,0.46695410634454665,-1.335219978093234,1.2718640280396658,-0.3469871668774769
0.30002485173225546,0.4638115990296711,-0.5144737938045443,0.3501228942313732,-1.0055804514114122
0.26390413145477676,0.3443963210644066,0.5256797862840925,0.8007518929820946,0.33156348991506257
0.2583470975659334,-0.40037791256106053,0.6313203842618457,-0.6637923529577479,-0.6563264368858402
0.2472330297882477,-0.2872476492255464,0.5256797862840925,-0.8686237160262573,0.3016274315271564
0.08052201312296049,0.6932146330155742,1.1351447746172783,1.7429761630972385,0.5510945847597076
0.019394640345687712,1.8842249053533469,0.4931749869063233,-0.7969327389522795,0.8803912270266754
-0.008390529098527,-0.18040240051978337,-0.6851239905378358,-0.008331991138518383,0.18188319797553182
-0.008390529098527,-0.6769185562700945,-1.0833077829155175,0.278431917157396,-0.3469871668774769
-0.05562531715369138,-0.07355715181401996,0.6638251836396148,-1.0529719427879163,0.3565102052383177
-0.1639874779861296,-0.5009381466370728,0.14374839359529645,-0.8686237160262573,0.645892102988077
-0.1723230288193936,-0.5889283514535836,0.4200391883063405,-1.1963538969358727,-0.11747738590352967
-0.2834637065962524,-0.632923453861839,0.4200391883063405,-0.9607978294070871,0.426361008143432
-0.32236294381815284,-0.6737760489552188,-0.1650472004935174,-1.0222472383276393,0.5061904971778485
-0.3390340454846808,-0.8309014146989884,-0.6363667914711814,-0.8583821478728324,0.08209633668251133
-0.3779332827065823,-0.2023999517239108,-0.9614147852488805,0.45253857576562795,0.5510945847597076
-0.40571845215079694,-0.3218152296891757,-0.1894258000268452,-1.370460555544106,1.2496026138108514
-0.43072510465059,-0.9597442146088793,-1.2133269804265967,0.6983362114478399,0.3864462636262239
-0.439060655483854,-0.9188916195154994,-0.1650472004935174,0.5139879846861817,0.7157429058931917
-0.5057450621499691,-1.0100243316468855,-1.8878015675153226,0.1964993719299911,0.41139297894947907
-0.5585368840939768,-0.9094640975708731,-0.9695409850933224,-1.810847986141401,-0.27214702090771153
-0.6002146382602989,-1.0634469559997668,-0.4413379952045615,-0.5716182395769187,0.2716913731392501
-0.6057716721491423,-1.2771374534112934,1.0376303764839694,-1.1451460561687454,0.9003485992852798
-0.6224427738156713,-1.0100243316468855,-0.12441620127130502,-0.06978140005907064,1.2994960444573618
-0.6530064602043066,-0.9094640975708731,0.04623399546198709,-1.3909436918509566,0.7307109350871446
-0.7585901040923226,-1.0288793755361378,-2.058451764248615,0.24770721269711846,0.03719224910065217
-0.7669256549255872,-0.24639505413216636,-0.4413379952045615,-0.08002296821249553,1.1198796941299245
-0.8224959938140161,-1.2299998436881625,0.5906893850396332,-1.8415726906016774,1.1348477233238774
-0.8419456124249668,-1.2080022924840348,-2.1722185620708094,-0.6945170574180247,0.11203239507041755
-0.8725092988136026,-0.9911692877576331,-0.17317340033796,-1.0836966472481924,1.459155022526194
-0.894737434368974,-1.1420096388716516,-0.652619191160066,-1.0529719427879163,0.5710519570183117
-0.9253011207576104,-0.8497564585882407,-0.01877560329355307,-0.4896856943495152,0.4612864095959893
-0.9475292563129822,-1.192289755909658,-1.4246081763821012,-0.469202558042664,0.9452526868671385
-0.9836499765904609,-1.3839827021170563,-0.3519497969156947,-0.6023429440371956,1.1248690371945758
-1.005878112145833,-1.1985747705394088,-0.6201143917822962,-2.10785346259074,0.9602207160610915
-1.0142136629790974,-1.2708524387815425,-1.8146657689153405,0.2681903490039697,0.6209453876648219
-1.0808980696452124,-1.160864682760904,-0.546978593182314,-1.657224463840019,1.3294321028452676
-1.11424027297827,-1.0100243316468855,-1.660267971870933,-0.23364649051387837,1.3344214459099184
-1.139246925478063,-0.9974543023873841,-0.5713571927156412,-0.5716182395769187,1.1597944386471324
-1.2392735354772362,-1.3431301070236763,-0.5876095924045264,-0.49992726250294084,0.8504551686387695
-1.2976223913100868,-1.1325821169270256,-0.27068779847126995,-0.49992726250294084,1.668707431241537
-1.544910399363597,-1.6762358824004677,-0.6851239905378358,-1.8620558269085286,1.618814000595027
-1.6366014585295057,-1.2959924973005454,-2.3509949586485432,-0.9505562612536615,1.613824657530376
-1.7143999329733064,-1.487685443507944,-0.8639003871155705,-1.2987695784701274,1.2196665554229449
1.892115060885756,1.7710946420178326,1.013251776950641,1.3947628458807717,-1.4446426411007025
1.839323238941747,1.8433723102599668,1.0376303764839694,1.3128303006533684,-1.4745786994886085
1.8032025186642695,2.2393282319342656,1.6796001641949243,-0.059539831905645754,-0.7660919843081629
1.7948669678310045,2.8332621144457133,1.0376303764839694,0.6164036662204364,-1.3498451228723327
1.680947773109724,1.554261637291431,1.0295041766395263,1.2104146191191136,-1.9186302322425497
1.6753907392208807,1.626539305533565,1.0945137753950658,0.20674094008341742,-1.7140671665918576
1.4281027311673709,1.0640304961708704,0.7694657816173668,1.1796899146588373,-1.4546213272300044
1.3780894261677847,1.4505588959005435,0.4850487870618801,1.0567910968177314,-1.604301619169535
1.3141835364460903,1.6988169737756986,-0.7663859889822605,0.2681903490039697,-1.6292483344927902
1.2808413331130333,1.849657324889718,-0.6769977906933937,0.7597856203683921,-1.1652394294802448
1.2697272653353477,2.3178909148061506,-0.8395217875822433,0.23746564454369357,-0.6912518383383975
1.266948748390926,1.6233967982186897,-0.010649403449110476,0.6471283706807125,-1.0804205973811776
1.250277646724397,1.6485368567376926,-0.7338811896044908,0.29891505346424585,-1.2001648309328021
1.233606545057869,1.5228365641426769,1.313921171195013,1.4357291184944743,-0.591464977045377
1.2252709942246038,0.3726788868982851,1.2407853725950313,1.0465495286643065,-1.6641737359453475
1.208599892558075,2.908682290002723,1.858376560772659,0.7905103248286697,0.4812437818545933
1.1502510367252248,0.740352242738705,0.249388991573049,1.2308977554259648,-0.7461346120495589
1.064117011448159,0.38839142347266215,1.2407853725950313,0.06335898593546022,-1.4147065827127963
1.0585599775593157,1.8653698614640941,1.8908813601504295,0.48326328022590553,-0.10749869977422748
0.9085200625605564,0.2029834918950139,1.0782613757061819,-0.06978140005907064,-0.9756443930235059
0.9029630286717141,0.4858091502337989,0.9807469775728719,1.0158248242040289,-0.771081327372814
0.8668423083942344,0.21869602846939096,0.5175535864396504,0.9441338471300518,-1.2001648309328021
0.8668423083942344,1.4662714324749206,-0.7257549897600482,0.7700271885218185,-0.49666745881700763
0.8640637914498137,2.0853453735053713,1.216406773061703,-0.469202558042664,0.605977358470869
0.7807082831171696,-0.36581033209743125,0.6231941844174025,0.6983362114478399,-1.0804205973811776
0.6695676053403107,1.2965760374716493,-0.8801527868044556,1.0158248242040289,-0.0426372399337643
0.6362254020072536,1.3374286325650293,1.2895425716616857,0.6368868025272876,-0.8908255609244385
0.608440232563039,1.02317790107749,-0.6444929913156234,-1.4728762370783608,-0.7960280426960692
0.608440232563039,1.1048830912642504,-0.5388523933378715,0.3501228942313732,-1.0305271667346674
0.5667624783967169,1.0640304961708704,-1.335219978093234,1.2411393235793897,-0.3320191376835236
0.5556484106190313,-0.051559600609892176,0.12749599390641186,-0.3360621720481331,-0.9956017652821102
0.5306417581192382,0.8346274621849669,1.7608621626393492,2.1219141847739813,0.7057642197638895
0.5056351056194441,0.9697552767246088,0.5581845856618629,0.7802687566752434,0.3215848037857604
0.42783663117564336,0.0898532285595005,0.5094273865952085,-0.9095899886399598,0.246744657815995
0.41672256339795766,-0.007564498201636961,0.6556989837951728,-0.7354833300317264,-0.6463477507565384
0.36393074145394994,2.9306798412068513,0.4931749869063233,-0.7969327389522795,0.95024202993179
0.2805752331213058,1.2840060082121478,1.1432709744617213,1.7737008675575145,0.5510945847597076
0.27501819923246246,0.542374281901556,0.7938443811506951,-0.81741587525913,0.2617126870099483
0.17221307228886862,0.3066862332859018,-0.6688715908489512,-0.039056695598794516,0.17190451184622962
0.09163608090064618,-0.3846653759866835,-1.075181583071075,0.278431917157396,-0.3370084807481747
0.008280572568002038,-0.16154735663053077,0.4525439876841109,-1.1963538969358727,-0.18233884574399287
0.005502055623580357,-0.004421990886761407,0.18437939281750884,-0.7866911707988538,0.6359134168587752
-0.05562531715369138,-0.14897732737102928,0.5338059861285357,-0.9505562612536615,0.4213716650787809
-0.1639874779861296,0.35696635032390805,-0.8557741872711279,0.46278014391905425,0.5510945847597076
-0.21955781687455797,-0.48836811737757096,-0.6201143917822962,-0.8276574434125555,0.07211765055320914
-0.2501215032631944,-0.36581033209743125,-0.2056781997157298,-1.0324888064810651,0.4712650957252911
-0.2945777743739381,-0.6140684099725866,-0.17317340033796,0.5549542572998827,0.6957855336345873
-0.3557051471512109,-0.7271986733081005,-1.2052007805821547,0.6880946432944149,0.391435606690875
-0.4001614182619536,-0.5260782051560758,-0.9532885854044378,-1.79036484983455,-0.25717899171375824
-0.43350362159501166,0.44181404782554334,-0.4413379952045615,-0.028815127445368165,1.1198796941299245
-0.4751813757613327,-0.8466139512733653,-1.9121801670486498,0.278431917157396,0.4213716650787809
-0.5196376468720765,-0.7240561659932252,-0.1325424011157476,-0.06978140005907064,1.3543788181685228
-0.5196376468720765,-0.8277589073841128,-0.32757119738236695,-0.5716182395769187,0.2617126870099483
-0.5224161638164981,-1.0445919121105147,1.0376303764839694,-1.0529719427879163,0.9103272854145812
-0.5335302315941838,-0.5763583221940819,0.10311739437308408,-1.3909436918509566,0.7406896212164468
-0.6474494263154638,-0.8497564585882407,-2.0259469648708444,0.24770721269711846,0.02721356297134998
-0.6696775618708357,-0.551218263675079,-0.17317340033796,-1.0529719427879163,1.459155022526194
-0.7196908668704217,-0.9848842731278822,-2.1315875628485967,-0.684275489264599,0.10704305200576646
-0.7474760363146364,-0.9848842731278822,0.6069417847285172,-1.780123281681125,1.1148903510652737
-0.7641471379811655,-0.9408891707196269,-0.7095025900711636,-1.9644715084427833,0.9153166284792327
-0.7835967565921157,-0.5637882929345804,-0.002523203604667884,-0.469202558042664,0.44631838040203603
-0.797489341314223,-0.9126066048857484,-0.6444929913156234,-1.0324888064810651,0.5860199862122649
-0.9141870529799248,-1.0948720291485208,-1.7984133692264552,0.2579487808505448,0.61096670153552
-0.9169655699243459,-1.079159492574144,-1.3839771771598888,-0.4282362854289622,0.9302846576731856
-0.9697573918683536,-1.2394273656327885,-0.3682021966045793,-0.6740339211111734,1.1398370663885289
-0.9975425613125684,-0.900036575626247,-0.5307261934934289,-1.7084323046071463,1.3394107889745699
-1.0030995952014117,-0.7366261952527267,-1.7252775706264731,-0.24388805866730398,1.3593681612331734
-1.0392203154788904,-0.7491962245122281,-0.546978593182314,-0.5716182395769187,1.1398370663885289
-1.1336898915892202,-1.1577221754460285,-0.5794833925600839,-0.49992726250294084,0.860433854768071
-1.1725891288111205,-0.8811815317369945,-0.23818299909349958,-0.43847785358238783,1.6886648035001415
-1.4837830265863248,-1.5253955312864491,-0.6851239905378358,-1.8620558269085286,1.613824657530376
-1.5226822638082256,-1.0603044486848916,-2.310363959426331,-0.9607978294070871,1.603845971401074
-1.6393799754739269,-1.3368450923939255,-0.9289099858711101,-1.349977419237255,1.2446132707462
